item	type	itemLabel	labels
http://www.wikidata.org/entity/Q889	Country	Afghanistan	AFG;af;🇦🇫
http://www.wikidata.org/entity/Q222	Country	Albania	ALB;al;🇦🇱;Republic of Albania;Republika e Shqipërisë;Shqipërisë
http://www.wikidata.org/entity/Q262	Country	Algeria	dz;Ǳ;ALG;People’s Democratic Republic of Algeria
http://www.wikidata.org/entity/Q228	Country	Andorra	AND;🇦🇩;ad;Principality of Andorra;Principality of the Valleys of Andorra
http://www.wikidata.org/entity/Q916	Country	Angola	ANG;ao;🇦🇴;Ngola;Republic of Angola
http://www.wikidata.org/entity/Q781	Country	Antigua and Barbuda	ag;ANT;🇦🇬
http://www.wikidata.org/entity/Q414	Country	Argentina	AR;ARG;ar;🇦🇷;Argentine Republic;Republic of Argentina
http://www.wikidata.org/entity/Q399	Country	Armenia	ARM;AM;Republic of Armenia;🇦🇲
http://www.wikidata.org/entity/Q408	Country	Australia	AU;au;AUS;Commonwealth of Australia;Ꜷ;Aussieland;Straya
http://www.wikidata.org/entity/Q40	Country	Austria	🇦🇹;AT;AUT;at;aut;Österreich;Republic of Austria;Republik Österreich
http://www.wikidata.org/entity/Q227	Country	Azerbaijan	AZE;🇦🇿;az;Republic of Azerbaijan
http://www.wikidata.org/entity/Q398	Country	Bahrain	BAH;bh;🇧🇭;Kingdom of Bahrain
http://www.wikidata.org/entity/Q902	Country	Bangladesh	BAN;bd;🇧🇩;People's Republic of Bangladesh
http://www.wikidata.org/entity/Q244	Country	Barbados	BB;🇧🇧;BAR;bb
http://www.wikidata.org/entity/Q184	Country	Belarus	by;BLR;White Russia;🇧🇾;White Ruthenia;Byelorussia;Belorussia;Bielorussia;Byeloruss;Republic of Belarus
http://www.wikidata.org/entity/Q31	Country	Belgium	be;BE;🇧🇪;BEL;Kingdom of Belgium
http://www.wikidata.org/entity/Q242	Country	Belize	bz
http://www.wikidata.org/entity/Q962	Country	Benin	BEN;Republic of Benin;Dahomey;🇧🇯;bj
http://www.wikidata.org/entity/Q917	Country	Bhutan	bt;BHU;🇧🇹;Kingdom of Bhutan
http://www.wikidata.org/entity/Q750	Country	Bolivia	BOL;bo;🇧🇴;bol;Bolivia (Plurinational State of);Plurinational State of Bolivia;Republic of Bolivia
http://www.wikidata.org/entity/Q225	Country	Bosnia and Herzegovina	Bosnia and Hercegovina;ba;B&H;Bosnia;BIH;🇧🇦;BiH;Bosnia & Herzegovina;Bosnia-Herzegovina
http://www.wikidata.org/entity/Q963	Country	Botswana	BOT;🇧🇼;bw;Lefatshe la Botswana;Republic of Botswana
http://www.wikidata.org/entity/Q155	Country	Brazil	br;BR;🇧🇷;BRA;Federative Republic of Brazil
http://www.wikidata.org/entity/Q921	Country	Brunei	BRU;BRN;bn;🇧🇳;Brunei Darussalam;Nation of Brunei, the Abode of Peace;Negara Brunei Darussalam
http://www.wikidata.org/entity/Q219	Country	Bulgaria	Republic of Bulgaria;bg;BUL;🇧🇬;BGR
http://www.wikidata.org/entity/Q965	Country	Burkina Faso	bf;🇧🇫
http://www.wikidata.org/entity/Q967	Country	Burundi	bi;🇧🇮;BDI;Gouvernement du Burundi;Republic of Burundi;Republika y'Uburundi
http://www.wikidata.org/entity/Q424	Country	Cambodia	kh;Camboya;Kamboja;Kampuchea;Campuchia;Kambodzha;🇰🇭;Kingdom of Cambodia
http://www.wikidata.org/entity/Q1009	Country	Cameroon	CAM;cm;CMR;🇨🇲;Republic of Cameroon
http://www.wikidata.org/entity/Q16	Country	Canada	CA;ca;can;CAN;British North America;Can.;Dominion of Canada
http://www.wikidata.org/entity/Q1011	Country	Cape Verde	cv;CV;CPV;Cabo Verde;🇨🇻;Republic of Cabo Verde;Republic of Cape Verde
http://www.wikidata.org/entity/Q929	Country	Central African Republic	CAF;CAR;Centrafrique;cf;🇨🇫;Ködörösêse tî Bêafrîka;Republique centrafricaine;République centrafricaine
http://www.wikidata.org/entity/Q657	Country	Chad	GUM;CHA;td;Republic of Chad;🇹🇩
http://www.wikidata.org/entity/Q298	Country	Chile	Republic of Chile;CHI;cl;🇨🇱;Republica de Chile;República de Chile
http://www.wikidata.org/entity/Q739	Country	Colombia	COL;CO;🇨🇴;Republic of Colombia;República de Colombia
http://www.wikidata.org/entity/Q970	Country	Comoros	COM;km;🇰🇲;al-Ittiḥād al-Qumurī;Juzur al-Qamar;Juzur al-Qumur;Massiwa ya komori;ouvoimoja wakomori;the Comoros;Udzima wa Komori;Union des Comores;Union of the Comoros
http://www.wikidata.org/entity/Q800	Country	Costa Rica	Republic of Costa Rica;CRC;CRI;🇨🇷;cr
http://www.wikidata.org/entity/Q224	Country	Croatia	hr;CRO;HRV;HR;🇭🇷;Republic of Croatia
http://www.wikidata.org/entity/Q204920	Country	Crown of Aragon	Aragon;Casal d'Aragó
http://www.wikidata.org/entity/Q241	Country	Cuba	cu;CUB;🇨🇺;Republic of Cuba
http://www.wikidata.org/entity/Q229	Country	Cyprus	🇨🇾;cy;Greek Administration of Southern Cyprus;Greek Cypriot State;Republic of Cyprus
http://www.wikidata.org/entity/Q213	Country	Czech Republic	Česká republika;Česko;ČR;cz;cze;CZE;Czechia;CZR
http://www.wikidata.org/entity/Q1008	Country	Côte d'Ivoire	CIV;ci;Ivory Coast;🇨🇮;The Ivory Coast;Cote d'Ivoire;Cote D'Ivoire;Côte D'Ivoire;Cote d'lvoire;Côte d’Ivoire;Cote d´Ivoire;Cote Ivoire;Cote-d'Ivoire;Côte-d'Ivoire;Republic of Cote d'Ivoire;Republic of Côte d'Ivoire;Republic of Ivory Coast;Republic of the Ivory Coast
http://www.wikidata.org/entity/Q756617	Country	Danish Realm	Kingdom of Denmark;Realm of Denmark
http://www.wikidata.org/entity/Q974	Country	Democratic Republic of the Congo	cd;Zaire;COD;DRC;🇨🇩;Congo (Kinshasa);Congo-Kinshasa;Dem. Rep. Congo;Dem. Republic of Congo;Dem. Republic of the Congo;Democratic Republic of Congo;DR Congo;Congo
http://www.wikidata.org/entity/Q35	Country	Denmark	DK;Danmark;TAN;DEN;DEK;dk;DNK;Kingdom of Denmark;Realm of Denmark;🇩🇰;Denmark proper;metropolitan Denmark
http://www.wikidata.org/entity/Q977	Country	Djibouti	DJI;Gabuuti;Jabuuti;dj;🇩🇯;Jībūtī;Republic of Djibouti
http://www.wikidata.org/entity/Q784	Country	Dominica	dm;DMA;DOM;🇩🇲;Commonwealth of Dominica;The Commonwealth of Dominica
http://www.wikidata.org/entity/Q786	Country	Dominican Republic	RD;DR;🇩🇴;Republica Dominicana;República Dominicana
http://www.wikidata.org/entity/Q736	Country	Ecuador	ECU;EC;🇪🇨;ecu;ec;Republic of Ecuador;Republic of the Equator;The Ecuadorian State
http://www.wikidata.org/entity/Q79	Country	Egypt	EGY;eg;Arab Rep. Egypt;Arab Republic of Egypt;🇪🇬;Rep. Egypt;Republic of Egypt
http://www.wikidata.org/entity/Q792	Country	El Salvador	Salvador;ESA;sv;Republic of El Salvador
http://www.wikidata.org/entity/Q983	Country	Equatorial Guinea	GEQ;gq;🇬🇶;Republic of Equatorial Guinea
http://www.wikidata.org/entity/Q986	Country	Eritrea	IRI;ERI;🇪🇷;er;Ertrā;Iritriyā;State of Eritrea
http://www.wikidata.org/entity/Q191	Country	Estonia	EST;Eesti;ee;Estland;🇪🇪;Republic of Estonia
http://www.wikidata.org/entity/Q1050	Country	Eswatini	SWZ;sz;Swaziland;🇸🇿;eSwatini;Kingdom of Eswatini;Kingdom of Swaziland;Umbuso weSwatini
http://www.wikidata.org/entity/Q115	Country	Ethiopia	et;🇪🇹;Federal Democratic Republic of Ethiopia;ETH
http://www.wikidata.org/entity/Q702	Country	Federated States of Micronesia	FSM;fm;🇫🇲;Fed. Sts. Micronesia;Fed. Sts. of Micronesia;Federated States of Micronesia, FSM;Micronesia
http://www.wikidata.org/entity/Q712	Country	Fiji	fj;FIJ;🇫🇯;Republic of Fiji;Republic of the Fiji Islands
http://www.wikidata.org/entity/Q33	Country	Finland	Suomi;FIN;fi;🇫🇮;Finnia;Land of Thousand Lakes;Republic of Finland;Republiken Finland;Suomen tasavalta
http://www.wikidata.org/entity/Q142	Country	France	La France;Republic of France;République française;the Hexagon;FRA;fr;FR;French Republic
http://www.wikidata.org/entity/Q1000	Country	Gabon	ga;GAB;🇬🇦;Gabonese Republic;Republique Gabonaise;République Gabonaise
http://www.wikidata.org/entity/Q230	Country	Georgia	GEO;Republic of Georgia;GE;🇬🇪;Georgia (country)
http://www.wikidata.org/entity/Q183	Country	Germany	BR Deutschland;BRD;Bundesrepublik Deutschland;de;DE;Deutschland;Federal Republic of Germany;FRG;GER
http://www.wikidata.org/entity/Q117	Country	Ghana	gh;GHA;Republic of Ghana
http://www.wikidata.org/entity/Q41	Country	Greece	el;Hellas;Greek;Hellenic Republic;gr;GRE;🇬🇷;Ellada;Greek Republic
http://www.wikidata.org/entity/Q769	Country	Grenada	gd;GRN;🇬🇩
http://www.wikidata.org/entity/Q774	Country	Guatemala	gt;GUA;🇬🇹;Republic of Guatemala
http://www.wikidata.org/entity/Q1006	Country	Guinea	GUI;Guinea-Conakry;Republic of Guinea;Republique de Guinee;République de Guinée;gn;🇬🇳
http://www.wikidata.org/entity/Q1007	Country	Guinea-Bissau	GBS;gw;🇬🇼;Republic of Guinea-Bissau
http://www.wikidata.org/entity/Q734	Country	Guyana	GUY;Co-operative Republic of Guyana;gy;🇬🇾;Republic of Guyana
http://www.wikidata.org/entity/Q790	Country	Haiti	HT;Hayti;ht;HAI;Republic of Haiti;🇭🇹;Ayiti;Haitian Republic;République d'Haïti
http://www.wikidata.org/entity/Q783	Country	Honduras	HON;hn;🇭🇳;Honduran Republic;Republic of Honduras
http://www.wikidata.org/entity/Q28	Country	Hungary	HUN;🇭🇺;hu
http://www.wikidata.org/entity/Q189	Country	Iceland	ISL;Island;is;🇮🇸;Republic of Iceland
http://www.wikidata.org/entity/Q668	Country	India	IND;in;Bharat;Aryavratt;Bharatvarsh;Hindustan;IN;🇮🇳;Republic of India
http://www.wikidata.org/entity/Q252	Country	Indonesia	INA;ID;id;IDN;Republic of Indonesia
http://www.wikidata.org/entity/Q794	Country	Iran	Persia;🇮🇷;ir;Islamic Rep. Iran;Islamic Republic of Iran
http://www.wikidata.org/entity/Q796	Country	Iraq	IRQ;iq;al-‘Irāq;🇮🇶;Jumhūriyyat al-‘Irāq;Komar-i ‘Êraq;Republic of Iraq
http://www.wikidata.org/entity/Q27	Country	Ireland	Southern Ireland;Éire;IRL;Hibernia;IE;Ireland, Republic of;Eire;ie;🇮🇪;ireland;Republic of Ireland
http://www.wikidata.org/entity/Q801	Country	Israel	Holy Land;il;🇮🇱;ISR;State of Israel;the Jewish state
http://www.wikidata.org/entity/Q38	Country	Italy	ITA;IT;🇮🇹;Italia;Italian Republic
http://www.wikidata.org/entity/Q766	Country	Jamaica	JAM;JA;🇯🇲;Commonwealth of Jamaica;jm
http://www.wikidata.org/entity/Q17	Country	Japan	Land of the Rising Sun;Nippon;Nihon;Nihon-koku;Nippon-koku;State of Japan;Jap;JAP;JP;jp;JA;JPN;Ja
http://www.wikidata.org/entity/Q810	Country	Jordan	JO;JOR;Yarden;jo;🇯🇴;Giordania;Hashemite Kingdom of Jordan;Kingdom of Jordan
http://www.wikidata.org/entity/Q232	Country	Kazakhstan	KAZ;kz;🇰🇿;Qazaqstan;Republic of Kazakhstan
http://www.wikidata.org/entity/Q114	Country	Kenya	KE;KEN;ke;🇰🇪;Republic of Kenya
http://www.wikidata.org/entity/Q29999	Country	Kingdom of the Netherlands	NL;Netherlands;the Netherlands;🇳🇱
http://www.wikidata.org/entity/Q710	Country	Kiribati	ki;KIR;🇰🇮;Republic of Kiribati
http://www.wikidata.org/entity/Q817	Country	Kuwait	KUW;kw;🇰🇼;State of Kuwait
http://www.wikidata.org/entity/Q813	Country	Kyrgyzstan	kg;KGZ;🇰🇬;Kirgizia;Kyrgyz Republic
http://www.wikidata.org/entity/Q819	Country	Laos	la;🇱🇦;LAO;Lao PDR;Lao People's Democratic Republic
http://www.wikidata.org/entity/Q211	Country	Latvia	LAT;Latvija;LVA;lv;Latvian Republic;🇱🇻;Republic of Latvia
http://www.wikidata.org/entity/Q822	Country	Lebanon	lb;🇱🇧;LBN;Lebanese Republic;Republic of Lebanon
http://www.wikidata.org/entity/Q1013	Country	Lesotho	LES;ls;🇱🇸;Kingdom of Lesotho
http://www.wikidata.org/entity/Q1014	Country	Liberia	LBR;lr;🇱🇷;Republic of Liberia
http://www.wikidata.org/entity/Q1016	Country	Libya	LBA;ly;🇱🇾;State of Libya
http://www.wikidata.org/entity/Q347	Country	Liechtenstein	LI;FL;li;LIE;🇱🇮;Principality of Liechtenstein
http://www.wikidata.org/entity/Q37	Country	Lithuania	LTU;LT;Lietuva;🇱🇹;Republic of Lithuania
http://www.wikidata.org/entity/Q32	Country	Luxembourg	Grand Duchy of Luxembourg;LU;LUX;Luxemburg;lu;🇱🇺
http://www.wikidata.org/entity/Q1019	Country	Madagascar	MAD;mg;🇲🇬;Republic of Madagascar
http://www.wikidata.org/entity/Q1020	Country	Malawi	mw;MAW;🇲🇼;Republic of Malawi
http://www.wikidata.org/entity/Q833	Country	Malaysia	MYS;my;MAS;Federation of Malaysia;Malaysia Federation;🇲🇾
http://www.wikidata.org/entity/Q826	Country	Maldives	mv;MDV;🇲🇻;Republic of Maldives
http://www.wikidata.org/entity/Q912	Country	Mali	ml;🇲🇱;MLI;Republic of Mali
http://www.wikidata.org/entity/Q233	Country	Malta	MLT;mt;🇲🇹;Republic of Malta
http://www.wikidata.org/entity/Q709	Country	Marshall Islands	MHL;mh;Aolepān Aorōkin M̧ajeļ;🇲🇭;Republic of the Marshall Islands
http://www.wikidata.org/entity/Q1025	Country	Mauritania	MTN;mr;Agawej;Gannaar;Gànnaar;Islamic Republic of Mauritania;Moritani;🇲🇷;Muritanya;Murutaane
http://www.wikidata.org/entity/Q1027	Country	Mauritius	mu;MRI;Maurice;Moris;🇲🇺;Republic of Mauritius
http://www.wikidata.org/entity/Q96	Country	Mexico	MEX;MX;Mexican Republic;mx;MXN;Mexicans;🇲🇽;United Mexican States;Aztec nation;Mexican federal;US of M
http://www.wikidata.org/entity/Q217	Country	Moldova	md;Moldavia;MDA;🇲🇩;Republic of Moldova;Republica Moldova
http://www.wikidata.org/entity/Q235	Country	Monaco	MON;Fort-Hercule;mc;🇲🇨;Principality and Diocese of Monaco;Principality of Monaco
http://www.wikidata.org/entity/Q711	Country	Mongolia	MGL;MNG;🇲🇳;mn;Mongol uls
http://www.wikidata.org/entity/Q236	Country	Montenegro	me;MNE;Crna Gora;🇲🇪
http://www.wikidata.org/entity/Q1028	Country	Morocco	ma;MAR;Marocco;Maroc;🇲🇦;al-Maġrib;Kingdom of Morocco;Lmaġrib
http://www.wikidata.org/entity/Q1029	Country	Mozambique	MOZ;MZ;Moçambique;mz;🇲🇿;Republic of Mozambique;República de Moçambique
http://www.wikidata.org/entity/Q836	Country	Myanmar	MYA;🇲🇲;Republic of the Union of Myanmar;MM;Burma;BUR;Union of Burma
http://www.wikidata.org/entity/Q1030	Country	Namibia	na;NAM;🇳🇦;Republic of Namibia
http://www.wikidata.org/entity/Q697	Country	Nauru	nr;Pleasant Island;🇳🇷;Naoero;Republic of Nauru
http://www.wikidata.org/entity/Q837	Country	Nepal	NPL;🇳🇵;NP;NEP;Federal Democratic Republic of Nepal
http://www.wikidata.org/entity/Q664	Country	New Zealand	Aotearoa;Aotearoa New Zealand;Dominion of New Zealand;nz;NZ;🇳🇿;NZL
http://www.wikidata.org/entity/Q811	Country	Nicaragua	NI;NIC;NCA;ni;🇳🇮;Republic of Nicaragua
http://www.wikidata.org/entity/Q1032	Country	Niger	ne;🇳🇪;Republic Niger;Republic of Niger;Republic of The Niger;The Niger
http://www.wikidata.org/entity/Q1033	Country	Nigeria	NG;NGR;NGA;Federal Republic of Nigeria;FRN;Naija;🇳🇬
http://www.wikidata.org/entity/Q423	Country	North Korea	Dem. Rep. Korea;DPRK;N. Korea;kp;PRK;🇰🇵;Democratic People's Republic of Korea
http://www.wikidata.org/entity/Q221	Country	North Macedonia	NM;MKD;mk;nm;Former Yugoslav Republic of Macedonia;FYR Macedonia;FYROM;🇲🇰;Republic of North Macedonia
http://www.wikidata.org/entity/Q20	Country	Norway	NO;no;Norge;🇳🇴;NOR;Kingdom of Norway;Noreg;Norvège;Norwegen
http://www.wikidata.org/entity/Q842	Country	Oman	om;🇴🇲;Sultanate of Oman
http://www.wikidata.org/entity/Q843	Country	Pakistan	🇵🇰;PAK;Islamic Republic of Pakistan;pk
http://www.wikidata.org/entity/Q695	Country	Palau	pw;Belau;Pelew;Pelew islands;🇵🇼;Republic of Belau;Republic of Palau
http://www.wikidata.org/entity/Q804	Country	Panama	pa;🇵🇦;Republic of Panama
http://www.wikidata.org/entity/Q691	Country	Papua New Guinea	PNG;pg;Independent State of Papua New Guinea;🇵🇬
http://www.wikidata.org/entity/Q733	Country	Paraguay	py;🇵🇾;Heart of South America;Republic of Paraguay
http://www.wikidata.org/entity/Q148	Country	People's Republic of China	China;China PR;CHN;cn;CN;🇨🇳;Mainland China;PR China;PRC
http://www.wikidata.org/entity/Q419	Country	Peru	pe;🇵🇪;Republic of Peru;Republica del Peru;República del Perú
http://www.wikidata.org/entity/Q928	Country	Philippines	PH;RP;Pinas;The Philippines;PHL;Republic of the Philippines;Philippine Islands;PHI;ph;🇵🇭
http://www.wikidata.org/entity/Q36	Country	Poland	Republic of Poland;POL;Polska;PL
http://www.wikidata.org/entity/Q45	Country	Portugal	Portuguese Republic;PRT;PT;🇵🇹
http://www.wikidata.org/entity/Q846	Country	Qatar	🇶🇦;qa;State of Qatar
http://www.wikidata.org/entity/Q971	Country	Republic of the Congo	Congo;CGO;cg;🇨🇬;Congo (Brazzaville);Congo Republic;Congo-Brazzaville;Rep. Congo;Republic of Congo;Republique du Congo;République du Congo
http://www.wikidata.org/entity/Q218	Country	Romania	ro;Rumania;🇷🇴;România;Roumania
http://www.wikidata.org/entity/Q444912	Country	Romanian Old Kingdom	Old Romanian Kingdom;Vechiul Regat
http://www.wikidata.org/entity/Q159	Country	Russia	RF;RUS;Rus;RU;Russian Federation;ru;Rossija;Rossiya;Rossijskaja Federatsija;Rossiyskaya Federatsiya
http://www.wikidata.org/entity/Q1037	Country	Rwanda	🇷🇼;rw;Republic of Rwanda
http://www.wikidata.org/entity/Q763	Country	Saint Kitts and Nevis	kn;St. Kitts and Nevis;Federation of Saint Kitts and Nevis;Kitts & Nevis;🇰🇳;Saint Christopher and Nevis;St Kitts and Nevis;St. Kitts & Nevis
http://www.wikidata.org/entity/Q760	Country	Saint Lucia	St Lucia;St. Lucia;Hewanorra;Iyonola;lc;🇱🇨;St. Lucia (island)
http://www.wikidata.org/entity/Q757	Country	Saint Vincent and the Grenadines	St. Vincent;St Vincent;Saint Vincent;🇻🇨;St Vincent and the Grenadines;St. Vincent and the Grenadines;vc
http://www.wikidata.org/entity/Q683	Country	Samoa	ws;Independent State of Samoa;Western Samoa;🇼🇸
http://www.wikidata.org/entity/Q238	Country	San Marino	SMR;🇸🇲;sm;Most Serene Republic of San Marino
http://www.wikidata.org/entity/Q851	Country	Saudi Arabia	sa;KSA;🇸🇦;Kingdom of Saudi Arabia
http://www.wikidata.org/entity/Q1041	Country	Senegal	sn;SEN;🇸🇳;Republic of Senegal
http://www.wikidata.org/entity/Q403	Country	Serbia	RS;SRB;rs;Republic of Serbia;Republika Srbija;🇷🇸;Srbija
http://www.wikidata.org/entity/Q1042	Country	Seychelles	sc;SEY;Republic of Seychelles;🇸🇨
http://www.wikidata.org/entity/Q1044	Country	Sierra Leone	Republic of Sierra Leone;sl;🇸🇱;SLE
http://www.wikidata.org/entity/Q334	Country	Singapore	SG;Garden City;SGP;sg;Singapore City;Lion City;Republic of Singapore;🇸🇬
http://www.wikidata.org/entity/Q214	Country	Slovakia	sk;SVK;🇸🇰;Slovak Republic;Slovakia (Slovak Republic)
http://www.wikidata.org/entity/Q215	Country	Slovenia	SLO;slo;si;Slovenija;svn;Republic of Slovenia;Republika Slovenija;🇸🇮
http://www.wikidata.org/entity/Q685	Country	Solomon Islands	sb;SOL;🇸🇧
http://www.wikidata.org/entity/Q1045	Country	Somalia	so;SOM;🇸🇴;Federal Republic of Somalia
http://www.wikidata.org/entity/Q258	Country	South Africa	SA;za;🇿🇦;Republic of South Africa;RSA;zaf
http://www.wikidata.org/entity/Q884	Country	South Korea	Daehan Minguk;Daehanminguk;Republic of Korea;KOR;ROK;kr;🇰🇷;Hanguk;Korea Republic;Rep. Korea;S. Korea
http://www.wikidata.org/entity/Q958	Country	South Sudan	ss;SSD;🇸🇸;Republic of South Sudan;Southern Sudan
http://www.wikidata.org/entity/Q29	Country	Spain	ESP;España;ES;Kingdom of Spain
http://www.wikidata.org/entity/Q854	Country	Sri Lanka	Ceylon;Ceylan;SRI;Srilanka;ce;Democratic Socialist Republic of Sri Lanka;Lanka, Sri;lk;🇱🇰;lke;Serendib;sri;Taprobane;سرنديب;سيلان
http://www.wikidata.org/entity/Q1106857	Country	State of Somaliland	Somaliland
http://www.wikidata.org/entity/Q1049	Country	Sudan	North Sudan;Republic of Sudan;Republic of the Sudan;sd;🇸🇩;SUD;the Sudan;as-Sūdān
http://www.wikidata.org/entity/Q730	Country	Suriname	sr;Dutch Guiana;Surinam;SUR;🇸🇷;Republic of Surinam;Republic of Suriname
http://www.wikidata.org/entity/Q34	Country	Sweden	se;SWE;SE;Kingdom of Sweden;🇸🇪
http://www.wikidata.org/entity/Q39	Country	Switzerland	Swiss;Swiss Confederation;CH;CHE;Schweiz;SUI;Svizzera;Suisse;Confoederatio Helvetica
http://www.wikidata.org/entity/Q858	Country	Syria	Syrian Arab Republic;SYR;sy;🇸🇾
http://www.wikidata.org/entity/Q1039	Country	São Tomé and Príncipe	STP;Sao Tome and Principe;st;Democratic Republic of São Tomé and Príncipe;Sao Tome & Principe;São Tomé og Príncipe;🇸🇹
http://www.wikidata.org/entity/Q865	Country	Taiwan	China (formerly known as);China, Republic;Chunghwa Minkuo;Chunghwa Minkwo;Taiwan ROC;Chinese Taipei;ROC;Nationalist China;Formosa;TW;Republic of China (Taiwan);Republic of China;🇹🇼;TWN;Free China;Free area of the Republic of China
http://www.wikidata.org/entity/Q863	Country	Tajikistan	Republic of Tajikistan;tj;🇹🇯;TJK
http://www.wikidata.org/entity/Q924	Country	Tanzania	tz;🇹🇿;United Republic of Tanganyika and Zanzibar;United Republic of Tanzania
http://www.wikidata.org/entity/Q869	Country	Thailand	Kingdom of Thailand;Land of Smiles;Siam;th;🇹🇭;THA
http://www.wikidata.org/entity/Q778	Country	The Bahamas	Commonwealth of the Bahamas;Bahamas;🇧🇸;bs;Bahama Islands
http://www.wikidata.org/entity/Q1005	Country	The Gambia	gm;Gambia;GAM;🇬🇲;Islamic Republic of the Gambia;Republic of The Gambia
http://www.wikidata.org/entity/Q574	Country	Timor-Leste	TLS;East Timor;🇹🇱;Democratic Republic of East Timor;Democratic Republic of Timor-Leste;Timor Leste;tl
http://www.wikidata.org/entity/Q945	Country	Togo	TOG;🇹🇬;tg;Togolese Republic
http://www.wikidata.org/entity/Q678	Country	Tonga	to;TGA;🇹🇴;Friendly Islands;Kingdom of Tonga
http://www.wikidata.org/entity/Q4689103	Country	Transitional Islamic State of Afghanistan	Afghan Transitional Administration
http://www.wikidata.org/entity/Q754	Country	Trinidad and Tobago	TTO;tt;🇹🇹;Republic of Trinidad and Tobago;Trinidad & Tobago
http://www.wikidata.org/entity/Q948	Country	Tunisia	Republic of Tunisia;tn;🇹🇳;TUN;Tunisian Republic
http://www.wikidata.org/entity/Q43	Country	Turkey	TR;Republic of Turkey;🇹🇷;TUR
http://www.wikidata.org/entity/Q874	Country	Turkmenistan	TKM;tm;🇹🇲;Turkmenia
http://www.wikidata.org/entity/Q672	Country	Tuvalu	🇹🇻;TUV;tv;Ellice Islands
http://www.wikidata.org/entity/Q1036	Country	Uganda	UGA;🇺🇬;Republic of Uganda;ug
http://www.wikidata.org/entity/Q212	Country	Ukraine	UKR;UA;Ukraina;ua;🇺🇦;Ukr.;Ukrainia
http://www.wikidata.org/entity/Q878	Country	United Arab Emirates	ae;🇦🇪;Emirates;the Emirates;the U.A.E.;the UAE;the United Arab Emirates;U.A.E.;UAE
http://www.wikidata.org/entity/Q145	Country	United Kingdom	The United Kingdom of Great Britain and Northern Ireland;Britain;UK;G. B.;GBR;Great Britain;🇬🇧;GB;United Kingdom of Great Britain and Northern Ireland;G B;G B R;G.B.;G.B.R.;Great Britain and Northern Ireland;U K;U. K.;U.K.
http://www.wikidata.org/entity/Q30	Country	United States of America	'Merica;'Murica;the States;the U.S.;the United States;the United States of America;the US;the USA;U. S.;U. S. A.;U.S;U.S.;U.S.A.;US of A;USA;America;United States;US
http://www.wikidata.org/entity/Q77	Country	Uruguay	🇺🇾;URU;Oriental Republic of Uruguay;República Oriental del Uruguay;uy
http://www.wikidata.org/entity/Q265	Country	Uzbekistan	Republic of Uzbekistan;uz;🇺🇿;UZB
http://www.wikidata.org/entity/Q686	Country	Vanuatu	Republic of Vanuatu;van;VAN;vu;🇻🇺;vut
http://www.wikidata.org/entity/Q237	Country	Vatican City	vat;va;Vatican;Città del Vaticano;Civitas Vaticana;Papal State;State of Vatican City;Stato della Città del Vaticano;Status Civitatis Vaticanae;The Vatican;🇻🇦;Vatican City State
http://www.wikidata.org/entity/Q717	Country	Venezuela	Bolivarian Republic of Venezuela;BR Venezuela;Estados Unidos de Venezuela;VE;🇻🇪;VEN;Vzla
http://www.wikidata.org/entity/Q881	Country	Vietnam	VN;VNM;Socialist Republic of Vietnam;SRV;VIE;Viet Nam;Việt Nam;🇻🇳
http://www.wikidata.org/entity/Q41304	Country	Weimar Republic	Germany;German Reich;Deutsche Republik;German Republic;Republic of Germany;Weimar Germany
http://www.wikidata.org/entity/Q805	Country	Yemen	Rep. Yemen;Republic of Yemen;YEM;🇾🇪;ye
http://www.wikidata.org/entity/Q953	Country	Zambia	🇿🇲;ZAM;Republic of Zambia;zm
http://www.wikidata.org/entity/Q954	Country	Zimbabwe	Rhodesia;ZIM;Southern Rhodesia;Republic of Zimbabwe;Zimbabwe Rhodesia;zw;🇿🇼
