item	type	itemLabel	labels
http://www.wikidata.org/entity/Q292239	Scientific Society	AGA	AGA - Society for Arthroscopy and Joint Surgery;Society for Arthroscopy and Joint Surgery
http://www.wikidata.org/entity/Q293890	Scientific Society	AISCGre	International Association for Studies of Gregorian Chant
http://www.wikidata.org/entity/Q4653128	Scientific Society	AOAC International	AOAC;Association of Official Agricultural Chemists
http://www.wikidata.org/entity/Q251374	Scientific Society	ASMOSIA	Association for the Study of Marble and Other Stones in Antiquity
http://www.wikidata.org/entity/Q337244	Scientific Society	Academia Mayor de la Lengua Quechua	AMLQ;Qhichwa Simi Hamut'ana Kuraq Suntur;QSHKS;Quechua Language Academy
http://www.wikidata.org/entity/Q383975	Scientific Society	African Association	Association for Promoting the Discovery of the Interior Parts of Africa
http://www.wikidata.org/entity/Q107804250	Scientific Society	African Society of Human Genetics	AfSHG
http://www.wikidata.org/entity/Q4743021	Scientific Society	American Association for Clinical Chemistry	AACC
http://www.wikidata.org/entity/Q104668029	Scientific Society	American Association for Crystal Growth	AACG
http://www.wikidata.org/entity/Q1069076	Scientific Society	American Association of Physicists in Medicine	AAPM
http://www.wikidata.org/entity/Q463435	Scientific Society	American Astronomical Society	AAS
http://www.wikidata.org/entity/Q247556	Scientific Society	American Chemical Society	ACS;Société américaine de chimie
http://www.wikidata.org/entity/Q464096	Scientific Society	American Economic Association	AEA;aeaweb.org
http://www.wikidata.org/entity/Q3488260	Scientific Society	American Entomological Society	AES
http://www.wikidata.org/entity/Q464704	Scientific Society	American Geophysical Union	AGU;American Geophysical Union (AGU)
http://www.wikidata.org/entity/Q465230	Scientific Society	American Institute of Physics	AIP
http://www.wikidata.org/entity/Q465654	Scientific Society	American Mathematical Society	AMS;ams.org
http://www.wikidata.org/entity/Q465900	Scientific Society	American Oil Chemists' Society	American Oil Chemists Society
http://www.wikidata.org/entity/Q465985	Scientific Society	American Ornithological Society	American Ornithologists' Union
http://www.wikidata.org/entity/Q466113	Scientific Society	American Physical Society	APS
http://www.wikidata.org/entity/Q4745009	Scientific Society	American Society for Biochemistry and Molecular Biology	American Society of Biological Chemists;ASBMB
http://www.wikidata.org/entity/Q110020179	Scientific Society	American Society for Composites	ASC
http://www.wikidata.org/entity/Q4745047	Scientific Society	American Society of Agronomy	Crop Science Society of America;Soil Science Society of America
http://www.wikidata.org/entity/Q4745098	Scientific Society	American Society of Naturalists	American Society of Naturalist;Society of Naturalists of the Eastern United States
http://www.wikidata.org/entity/Q467040	Scientific Society	American Statistical Association	American Statistical Association, ASA;amstat.org
http://www.wikidata.org/entity/Q4064247	Scientific Society	American Vacuum Society	AVS: Science and Technology of Materials, Interfaces, and Processing;Science and Technology of Materials, Interfaces, and Processing
http://www.wikidata.org/entity/Q4752272	Scientific Society	Anatomical Society	Anatomical Society of Great Britain and Ireland
http://www.wikidata.org/entity/Q727867	Scientific Society	Asiatic Society of Bangladesh	Bangladesh Asiatic Society
http://www.wikidata.org/entity/Q5708690	Scientific Society	Asociación Española para el Estudio del Cuaternario	AEQUA
http://www.wikidata.org/entity/Q5708711	Scientific Society	Asociación Herpetológica Española	AHE;Spanish Herpetological Society
http://www.wikidata.org/entity/Q109334400	Scientific Society	Asociación Hispánica de Literatura Medieval	AHLM
http://www.wikidata.org/entity/Q127992	Scientific Society	Association for Computing Machinery	ACM;ACM Press;Association of Computing Machinery
http://www.wikidata.org/entity/Q16534433	Scientific Society	Association for Linguistic Typology	ALT
http://www.wikidata.org/entity/Q105670128	Scientific Society	Association for the Advancement of Animal Breeding and Genetics	AAABG
http://www.wikidata.org/entity/Q2739680	Scientific Society	Association for the Advancement of Artificial Intelligence	AAAI;American Association for Artificial Intelligence
http://www.wikidata.org/entity/Q743678	Scientific Society	Association for the Sciences of Limnology and Oceanography	American Society of Limnology and Oceanography
http://www.wikidata.org/entity/Q4809778	Scientific Society	Association of Environmental & Engineering Geologists	Association of Engineering Geologists
http://www.wikidata.org/entity/Q108935868	Scientific Society	Association of Systematic Biologists of the Philippines	ASBP
http://www.wikidata.org/entity/Q3626617	Scientific Society	Associazione italiana di metallurgia	A.I.M.;AIM;Association of Metallurgy, Italy;I.A.M.;IAM;Italian Association for Metallurgy;Italian Association of Metallurgy;The Italian Association for Metallurgy
http://www.wikidata.org/entity/Q107596477	Scientific Society	Astronomical Society of Edinburgh	Edinburgh Astronomical Association
http://www.wikidata.org/entity/Q751774	Scientific Society	Astronomical Society of India	ASI
http://www.wikidata.org/entity/Q97622017	Scientific Society	Astronomical Society of New York	ASNY;Astronomical Society of New York State
http://www.wikidata.org/entity/Q1646000	Scientific Society	Audubon	Audubon;Audubon Society;National Audubon Society;The National Audubon Society
http://www.wikidata.org/entity/Q30265819	Scientific Society	Australian Society for Biochemistry and Molecular Biology	ASBMB;Australian Biochemical Society
http://www.wikidata.org/entity/Q66964724	Scientific Society	Australian and New Zealand Society for Mass Spectrometry	ANZSMS
http://www.wikidata.org/entity/Q4825502	Scientific Society	Austrian Studies Association	ASA;AustrianStudiesAssoc;MALCA;Modern Austrian Literature and Culture Association
http://www.wikidata.org/entity/Q100144434	Scientific Society	Bangladesh Physical Society	BPS
http://www.wikidata.org/entity/Q4914712	Scientific Society	Biochemical Society	Biochemical Club
http://www.wikidata.org/entity/Q10873845	Scientific Society	Botanical Society of China	BSC
http://www.wikidata.org/entity/Q108662940	Scientific Society	Botanical Society of South Africa	BotSoc SA
http://www.wikidata.org/entity/Q97990484	Scientific Society	Brazilian Society of Mastology	SBM;Sociedade Brasileira de Mastologia
http://www.wikidata.org/entity/Q29471820	Scientific Society	Brazilian Society of Nuclear Medicine and Molecular Imaging	SBMN
http://www.wikidata.org/entity/Q4958771	Scientific Society	Brazilian Society of Physics	Brazilian Physical Society;Sociedade Brasileira de Física;SBF
http://www.wikidata.org/entity/Q18485064	Scientific Society	Brazilian Society of Psychology	SBP
http://www.wikidata.org/entity/Q614033	Scientific Society	British Mycological Society	BMS
http://www.wikidata.org/entity/Q104899498	Scientific Society	British Myriapod and Isopod Group	BMIG
http://www.wikidata.org/entity/Q65050498	Scientific Society	China Institute of Navigation	CIN
http://www.wikidata.org/entity/Q10873871	Scientific Society	China Society of Automotive Engineers	Zhongguo qi che gong cheng xue hui;Society of Automotive Engineers of China;SAE-China;China-SAE
http://www.wikidata.org/entity/Q10873309	Scientific Society	China Zoological Society	CZS
http://www.wikidata.org/entity/Q10873566	Scientific Society	Chinese Astronomical Society	CAS
http://www.wikidata.org/entity/Q10873494	Scientific Society	Chinese Civil Engineering Society	CCES
http://www.wikidata.org/entity/Q30265763	Scientific Society	Chinese Materials Research Society	CMRS
http://www.wikidata.org/entity/Q60996348	Scientific Society	Chinese Optical Society	COS
http://www.wikidata.org/entity/Q10873372	Scientific Society	Chinese Society for Horticultural Science	CSHS
http://www.wikidata.org/entity/Q55694566	Scientific Society	Chinese Society for Oceanography	CSO
http://www.wikidata.org/entity/Q60996191	Scientific Society	Chinese Society for Plant Biology	Chinese Society of Plant Physiology;CSPB
http://www.wikidata.org/entity/Q10874085	Scientific Society	Chinese Society of Aeronautics and Astronautics	CSAA
http://www.wikidata.org/entity/Q10873645	Scientific Society	Chinese Society of Astronautics	CSA
http://www.wikidata.org/entity/Q10874219	Scientific Society	Chinese Society of Landscape Architecture	CHSLA
http://www.wikidata.org/entity/Q57881544	Scientific Society	Coleopterological Society of Japan	The Coleopterological Society of Japan
http://www.wikidata.org/entity/Q2986489	Scientific Society	Commission for the Geological Map of the World	CGMW
http://www.wikidata.org/entity/Q1127222	Scientific Society	Consejo Latinoamericano de Ciencias Sociales	CLACSO;Conselho Latino-americano de Ciências Sociais;Latin American Council of Social Sciences
http://www.wikidata.org/entity/Q15206100	Scientific Society	Cooper Ornithological Society	Cooper Club;Cooper Ornithological Club
http://www.wikidata.org/entity/Q30258461	Scientific Society	Czech Society for Biochemistry and Molecular Biology	Česká Společnost pro Biochemii a Molekulární Biologii;CSBMB
http://www.wikidata.org/entity/Q11283979	Scientific Society	Czech Society for Ornithology	CSO
http://www.wikidata.org/entity/Q15098097	Scientific Society	Czech Statistical Society	ČStS
http://www.wikidata.org/entity/Q1202963	Scientific Society	DGPPN	Deutsche Gesellschaft für Psychiatrie und Psychotherapie, Psychosomatik und Nervenheilkunde
http://www.wikidata.org/entity/Q1202956	Scientific Society	Deutsche Gesellschaft für Politikwissenschaft	DGfP
http://www.wikidata.org/entity/Q21162086	Scientific Society	EEG and Clinical Neuroscience Society	ECNS
http://www.wikidata.org/entity/Q1299166	Scientific Society	Egypt Exploration Society	EES;Egypt Exploration Fund
http://www.wikidata.org/entity/Q109632020	Scientific Society	Elisha Mitchell Scientific Society	Mitchell Scientific Society
http://www.wikidata.org/entity/Q3487623	Scientific Society	Entomological Society of America	ESA;Annals of the Entomological Society of America
http://www.wikidata.org/entity/Q47485842	Scientific Society	Entomological Society of Austria	ESA;ÖEG;Österreichischen Entomologischen Gesellschaft
http://www.wikidata.org/entity/Q20813126	Scientific Society	Entomological Society of Korea	ESK;The Entomological Society of Korea
http://www.wikidata.org/entity/Q47459624	Scientific Society	Entomological Society of New Zealand	New Zealand Entomological Society
http://www.wikidata.org/entity/Q108127459	Scientific Society	Entomologischer Verein „Lepidoptera"	Entomologischer Verein Lepidoptera Gera;Entomologischer Verein Lepidoptera Gera (Reuß)
http://www.wikidata.org/entity/Q31277931	Scientific Society	Estonian Academy of Young Scientists	ENTA
http://www.wikidata.org/entity/Q1376327	Scientific Society	European Association for Signal Processing	EURASIP
http://www.wikidata.org/entity/Q105189154	Scientific Society	European Association of Coleopterology	AEC;EAC
http://www.wikidata.org/entity/Q1750463	Scientific Society	European Association of Geoscientists and Engineers	EAGE
http://www.wikidata.org/entity/Q1309456	Scientific Society	European Association of Vertebrate Palaeontologists	EAVP
http://www.wikidata.org/entity/Q61666608	Scientific Society	European Geophysical Society	EGS
http://www.wikidata.org/entity/Q1376656	Scientific Society	European Geosciences Union	EGU
http://www.wikidata.org/entity/Q1376766	Scientific Society	European Mathematical Psychology Group	EMPG
http://www.wikidata.org/entity/Q1376791	Scientific Society	European Molecular Biology Organization	EMBO
http://www.wikidata.org/entity/Q15446226	Scientific Society	European Society for Aesthetics	eurosa.org
http://www.wikidata.org/entity/Q17540368	Scientific Society	European Society for Blood and Marrow Transplantation	EBMT;EBMT Data Office
http://www.wikidata.org/entity/Q63763858	Scientific Society	European Society for Molecular Imaging	ESMI
http://www.wikidata.org/entity/Q67201924	Scientific Society	European Society of Mastology	European Society of Breast Cancer Specialists;EUSOMA
http://www.wikidata.org/entity/Q61666642	Scientific Society	European Union of Geosciences	EUG
http://www.wikidata.org/entity/Q1391552	Scientific Society	Fachverband der Elektro- und Elektronikindustrie Österreichs	FEEI;FEEI - Fachverband der Elektro- und Elektronikindustrie
http://www.wikidata.org/entity/Q839639	Scientific Society	Federation of European Biochemical Societies	FEBS
http://www.wikidata.org/entity/Q1400262	Scientific Society	Federation of European Microbiological Societies	FEMS
http://www.wikidata.org/entity/Q1213506	Scientific Society	Federation of Technical and Scientific Societies	MTESZ
http://www.wikidata.org/entity/Q3055522	Scientific Society	Finno-Ugrian Society	Societe Finno-Ougrienne;Société Finno-Ougrienne;Suomalais-Ugrilainen Seura
http://www.wikidata.org/entity/Q1249981	Scientific Society	Game Theory Society	International Journal of Game Theory
http://www.wikidata.org/entity/Q5535311	Scientific Society	Geological Society of Australia	GSA
http://www.wikidata.org/entity/Q10873513	Scientific Society	Geological Society of China	GSC
http://www.wikidata.org/entity/Q15805445	Scientific Society	German Association for East European Studies	The German Association for East European Studies
http://www.wikidata.org/entity/Q106861495	Scientific Society	German Human Factors and Ergonomics Society	GfA;GfA e. V.
http://www.wikidata.org/entity/Q563335	Scientific Society	German Mathematical Society	DMV;Deutsche Mathematiker-Vereinigung
http://www.wikidata.org/entity/Q1203557	Scientific Society	German Migraine and Headache Society	Deutsche Migräne- und Kopfschmerzgesellschaft;DMKG
http://www.wikidata.org/entity/Q1203705	Scientific Society	German Quaternary Association	Deutsche Quartärvereinigung
http://www.wikidata.org/entity/Q707283	Scientific Society	German Research Foundation	DFG;Deutsche Forschungsgemeinschaft;dfg.de
http://www.wikidata.org/entity/Q1202907	Scientific Society	German Society for Material Science	Deutsche Gesellschaft für Materialkunde
http://www.wikidata.org/entity/Q16061568	Scientific Society	German Statistical Society	DStatG
http://www.wikidata.org/entity/Q318109	Scientific Society	Gesellschaft für Angewandte Mathematik und Mechanik	GAMM
http://www.wikidata.org/entity/Q1518520	Scientific Society	Gesellschaft für Sprachtechnologie und Computerlinguistik	GSCL
http://www.wikidata.org/entity/Q108387741	Scientific Society	Global Species List Working Group	GSLWG
http://www.wikidata.org/entity/Q17122314	Scientific Society	Greek Study Association	GSA
http://www.wikidata.org/entity/Q5611283	Scientific Society	Groupe Consultatif Actuariel Européen	Groupe Consultatif Actuariel Europeen
http://www.wikidata.org/entity/Q26877550	Scientific Society	Heimat- und Geschichtsverein Beuel am Rhein	HGV Beuel
http://www.wikidata.org/entity/Q93962022	Scientific Society	Hellenic Astronomical Society	Hel.A.S.
http://www.wikidata.org/entity/Q95021955	Scientific Society	Herpetologists' League	Herpetologists League;The Herpetologists' League
http://www.wikidata.org/entity/Q18412442	Scientific Society	Historischer Verein des Kantons Bern	HVBE
http://www.wikidata.org/entity/Q109859993	Scientific Society	History of Earth Sciences Society	HESS
http://www.wikidata.org/entity/Q1635489	Scientific Society	Hugo Obermaier-Society for Quaternary Research and Archaeology of the Estone Age	Hugo Obermaier-Society
http://www.wikidata.org/entity/Q11710280	Scientific Society	Human Behavior and Evolution Society	Human Behavior & Evolution Society
http://www.wikidata.org/entity/Q107192669	Scientific Society	Hungarian Musicological Society	Magyar Zenetudományi és Zenekritikai Társaság
http://www.wikidata.org/entity/Q4407753	Scientific Society	Imperatorskoe sankt-peterburgskoe obshchestvo estestvoispytateleĭ	spboe.ru
http://www.wikidata.org/entity/Q6020928	Scientific Society	Indian Mathematical Society	IMS
http://www.wikidata.org/entity/Q513283	Scientific Society	Institute of Physics	IOP
http://www.wikidata.org/entity/Q1524579	Scientific Society	Institution of Electrical Engineers	IEE;Society of Telegraph Engineers and Electricians
http://www.wikidata.org/entity/Q55725862	Scientific Society	Inter-American Statistical Institute	IASI
http://www.wikidata.org/entity/Q10303090	Scientific Society	Intercom	Sociedade Brasileira de Estudos Interdisciplinares da Comunicação
http://www.wikidata.org/entity/Q6048073	Scientific Society	International Academy of Sex Research	IASR
http://www.wikidata.org/entity/Q89913719	Scientific Society	International Association for  Classical Archaeology	AIAC
http://www.wikidata.org/entity/Q105967140	Scientific Society	International Association for Hospice and Palliative Care	IAHPC
http://www.wikidata.org/entity/Q1666337	Scientific Society	International Association for Landscape Ecology	IALE
http://www.wikidata.org/entity/Q2867833	Scientific Society	International Association for the History of Religion	IAHR
http://www.wikidata.org/entity/Q104814860	Scientific Society	International Association for the Study of Fossil Cnidaria and Porifera	IASFCP
http://www.wikidata.org/entity/Q743243	Scientific Society	International Association of Applied Linguistics	AILA;Association Internationale de Linguistique Appliquee;Association Internationale de Linguistique Appliquée
http://www.wikidata.org/entity/Q6048395	Scientific Society	International Association of Applied Psychology	IAAP;International Association of Psychotechnics
http://www.wikidata.org/entity/Q1639820	Scientific Society	International Association of Geodesy	IAG;International Association of Geodesy、IAG
http://www.wikidata.org/entity/Q96382201	Scientific Society	International Association of Meteorology and Atmospheric Sciences	IAMAS
http://www.wikidata.org/entity/Q743302	Scientific Society	International Association of Patristic Studies	IAPS
http://www.wikidata.org/entity/Q1666368	Scientific Society	International Association of Vegetation Science	IAVS
http://www.wikidata.org/entity/Q19521503	Scientific Society	International Centre for Mechanical Sciences	CISM
http://www.wikidata.org/entity/Q57256781	Scientific Society	International Colour Vision Society	ICVS;International Research Group for Colour Vision Deficiencies;IRGCVD
http://www.wikidata.org/entity/Q580606	Scientific Society	International Committee on Taxonomy of Viruses	ICTV
http://www.wikidata.org/entity/Q1636672	Scientific Society	International Cultivar Registration Authority	ICRA
http://www.wikidata.org/entity/Q4288382	Scientific Society	International Geological Congress	IGC
http://www.wikidata.org/entity/Q52215132	Scientific Society	International Language and Law Association	ILLA
http://www.wikidata.org/entity/Q1666780	Scientific Society	International Musicological Society	IMS
http://www.wikidata.org/entity/Q1666789	Scientific Society	International Ocean Colour Coordinating Group	IOCCG
http://www.wikidata.org/entity/Q1234598	Scientific Society	International Psychoanalytical Association	IPA
http://www.wikidata.org/entity/Q23809291	Scientific Society	International Society for Biocuration	ISB;Int Soc Biocuration;International Society of Biocuration
http://www.wikidata.org/entity/Q62168062	Scientific Society	International Society for Clinical Biostatistics	International Society of Biostatistics;ISCB
http://www.wikidata.org/entity/Q4288281	Scientific Society	International Society for Computational Biology	ISCB
http://www.wikidata.org/entity/Q4288276	Scientific Society	International Society for Horticultural Science	ISHS
http://www.wikidata.org/entity/Q107578916	Scientific Society	International Society for Immunonutrition	ISIN
http://www.wikidata.org/entity/Q88521900	Scientific Society	International Society for Myriapodology	CIM;Centre International de Myriapodologie
http://www.wikidata.org/entity/Q1435674	Scientific Society	International Society for Philosophical Enquiry	The Thousand
http://www.wikidata.org/entity/Q1666910	Scientific Society	International Society for Scientometrics and Informetrics	ISSI
http://www.wikidata.org/entity/Q17322448	Scientific Society	International Society for the History of Pharmacy	ISHP
http://www.wikidata.org/entity/Q3488429	Scientific Society	International Society of Blood Transfusion	ISBT
http://www.wikidata.org/entity/Q56678983	Scientific Society	International Sociology of Sport Association	ICSS;ISSA
http://www.wikidata.org/entity/Q139020	Scientific Society	International Statistical Institute	ISI;Institut International de Statistique
http://www.wikidata.org/entity/Q1563248	Scientific Society	International Union for Quaternary Research	INQUA
http://www.wikidata.org/entity/Q1137559	Scientific Society	International Union of Forest Research Organizations	IUFRO
http://www.wikidata.org/entity/Q1192969	Scientific Society	International Union of Geodesy and Geophysics	IUGG
http://www.wikidata.org/entity/Q579663	Scientific Society	International Union of Geological Sciences	IUGS
http://www.wikidata.org/entity/Q6086927	Scientific Society	Israel Exploration Society	ha- Ḥevrā le-Ḥaqîrat Ereṣ-Yiśrā'ēl we-ʿAttîqôtêhā
http://www.wikidata.org/entity/Q133706	Scientific Society	Israel Medical Association	Israeli Medical Association
http://www.wikidata.org/entity/Q25493969	Scientific Society	Israeli Statistical Association	Israel Statistical Association
http://www.wikidata.org/entity/Q21192951	Scientific Society	Italian Association for Artificial Intelligence	AI*IA
http://www.wikidata.org/entity/Q3963390	Scientific Society	Italian Statistical Society	SIS;Società Italiana di Statistica
http://www.wikidata.org/entity/Q106508459	Scientific Society	Jackson Audubon Society	JAS;Jackson County Audubon Society
http://www.wikidata.org/entity/Q834214	Scientific Society	János Bolyai Mathematical Society	Janos Bolyai Mathematical Society
http://www.wikidata.org/entity/Q15822428	Scientific Society	Kafka Society of America	The Kafka Society of America
http://www.wikidata.org/entity/Q1529365	Scientific Society	Kidney Disease: Improving Global Outcomes	KDIGO
http://www.wikidata.org/entity/Q7744927	Scientific Society	Korean Chemical Society	Korean Chemical Society;The Korean Chemical Society;KCS
http://www.wikidata.org/entity/Q12592618	Scientific Society	Korean Mathematical Society	KMS
http://www.wikidata.org/entity/Q52662219	Scientific Society	Korean Society for Biochemistry and Molecular Biology	KSBMB
http://www.wikidata.org/entity/Q98574256	Scientific Society	Korean Society of Applied Entomology	KSAE
http://www.wikidata.org/entity/Q88678049	Scientific Society	Latin American Association of Linguistics and Philology	ALFAL
http://www.wikidata.org/entity/Q867447	Scientific Society	Linnean Society of London	LSL;Linnaean Society of London
http://www.wikidata.org/entity/Q1810244	Scientific Society	London Mathematical Society	LMS;The London Mathematical Society
http://www.wikidata.org/entity/Q1874246	Scientific Society	Ludwig Boltzmann Gesellschaft	LBG;Österreichische Vereinigung zur Förderung der Wissenschaftlichen Forschung
http://www.wikidata.org/entity/Q6706991	Scientific Society	Lwów Scientific Society	Lwow Scientific Society
http://www.wikidata.org/entity/Q109428243	Scientific Society	Marine Biological Association of India	MBAI
http://www.wikidata.org/entity/Q1813899	Scientific Society	Mathematical Association of America	MAA
http://www.wikidata.org/entity/Q158085	Scientific Society	Max Planck Society	Max-Planck-Gesellschaft zur Förderung der Wissenschaften e. V.;MPG
http://www.wikidata.org/entity/Q149872	Scientific Society	Maćica Serbska	Maśica Serbska
http://www.wikidata.org/entity/Q42710691	Scientific Society	Michigan Audubon Society	Michigan Audubon
http://www.wikidata.org/entity/Q303915	Scientific Society	Mineralogical Society of Austria	Österreichischen Mineralogischen Gesellschaft
http://www.wikidata.org/entity/Q688638	Scientific Society	Mont Pelerin Society	MPS;Mont Pèlerin Society
http://www.wikidata.org/entity/Q3488497	Scientific Society	Mycological Society of France	Societe mycologique de France;Société mycologique de France
http://www.wikidata.org/entity/Q106835531	Scientific Society	Münchner Entomologische Gesellschaft	MEG;Münchner Entomologische Gesellschaft e.V.
http://www.wikidata.org/entity/Q6954355	Scientific Society	NIPTE	National Institute for Pharmaceutical Technology and Education
http://www.wikidata.org/entity/Q27926757	Scientific Society	National Foundation for Infectious Diseases	U.S.
http://www.wikidata.org/entity/Q167186	Scientific Society	National Geographic Society	NGS
http://www.wikidata.org/entity/Q6978532	Scientific Society	National Society of Black Physicists	NSBP
http://www.wikidata.org/entity/Q7015226	Scientific Society	New Zealand Association of Scientists	New Zealand Association of Scientific Workers;NZAS
http://www.wikidata.org/entity/Q51038569	Scientific Society	New Zealand Institute of Physics	NZIP
http://www.wikidata.org/entity/Q105141484	Scientific Society	New Zealand Society for Biochemistry and Molecular Biology	NZSBMB
http://www.wikidata.org/entity/Q105447183	Scientific Society	New Zealand Society of Soil Science	NZSSS
http://www.wikidata.org/entity/Q190529	Scientific Society	Nicolas Bourbaki	Bourbaki;Bourbaki group;N. Bourbaki
http://www.wikidata.org/entity/Q60996412	Scientific Society	Operations Research Society of China	ORSC
http://www.wikidata.org/entity/Q2027280	Scientific Society	Optica	OSA;The Optical Society;Optical Society;Optical Society of America
http://www.wikidata.org/entity/Q109717140	Scientific Society	Oregon Academy of Science	OAS;Oregon Academy of Sciences;The Oregon Academy of Science
http://www.wikidata.org/entity/Q752687	Scientific Society	PICMG	PCI Industrial Computer Manufacturers Group
http://www.wikidata.org/entity/Q247474	Scientific Society	Palestine Exploration Fund	PEF;הקרן לחקר ארץ ישראל
http://www.wikidata.org/entity/Q2048521	Scientific Society	Paläontologische Gesellschaft	Palaeontological Society Germany;Palaontologische Gesellschaft
http://www.wikidata.org/entity/Q101428852	Scientific Society	Pan-American Society for Evolutionary Developmental Biology	EvoDevo PanAm;Pan-Am Society for Evolutionary Developmental Biology;PASEDB
http://www.wikidata.org/entity/Q1246580	Scientific Society	Philological Society	PhilSoc
http://www.wikidata.org/entity/Q58345890	Scientific Society	Photogrammetric Society	PSoc
http://www.wikidata.org/entity/Q7187871	Scientific Society	Photonics Society of Poland	PSP
http://www.wikidata.org/entity/Q51077348	Scientific Society	Physical Society of Hong Kong	PSHK
http://www.wikidata.org/entity/Q3390455	Scientific Society	Physical Society of London	Physical Society
http://www.wikidata.org/entity/Q744698	Scientific Society	Polish Academy of Literature	PAL;Polska Akademia Literatury
http://www.wikidata.org/entity/Q96387783	Scientific Society	Polish Association for Yiddish Studies	PAYS;PTSJ
http://www.wikidata.org/entity/Q65173535	Scientific Society	Polish Forensic Society	PTK;Polish Forensic Association
http://www.wikidata.org/entity/Q1575320	Scientific Society	Pontifical Academy of Social Sciences	PASS;Pontificia Academia Scientiarum Socialium
http://www.wikidata.org/entity/Q2107174	Scientific Society	Poznań Society of Friends of Learning	Poznańskie Towarzystwo Przyjaciół Nauk
http://www.wikidata.org/entity/Q7270970	Scientific Society	Queensland Ornithological Society Inc	Birds Queensland
http://www.wikidata.org/entity/Q543851	Scientific Society	Regensburg Botanical Society	Regensburgische Botanische Gesellschaft
http://www.wikidata.org/entity/Q7309134	Scientific Society	Regional Reference Frame Sub-Commission for Europe	EUREF
http://www.wikidata.org/entity/Q58346162	Scientific Society	Remote Sensing Society	RSS
http://www.wikidata.org/entity/Q58284589	Scientific Society	Remote Sensing and Photogrammetry Society	Remote Sensing & Photogrammetry Society;RSPSoc
http://www.wikidata.org/entity/Q1764130	Scientific Society	Research Association for Underground Transportation Facilities	STUVA
http://www.wikidata.org/entity/Q1550475	Scientific Society	Rosetta Project	Rosetta
http://www.wikidata.org/entity/Q7373587	Scientific Society	Royal Agricultural Society of England	Royal Agricultural Society;RASE
http://www.wikidata.org/entity/Q63454333	Scientific Society	Royal Agricultural Society of Western Australia	RASWA
http://www.wikidata.org/entity/Q865099	Scientific Society	Royal Australasian Ornithologists Union	Birds Australia;RAOU
http://www.wikidata.org/entity/Q673864	Scientific Society	Royal Entomological Society	Entomological Society of London;Royal Entomological Society London
http://www.wikidata.org/entity/Q691152	Scientific Society	Royal Geographical Society	RGS;Geographical Society of London;Institute of British Geographers;Royal Geographical Society of London
http://www.wikidata.org/entity/Q57304807	Scientific Society	Royal Horticultural Society of Ireland	RHSI
http://www.wikidata.org/entity/Q2171086	Scientific Society	Royal Institution	Royal Institution of Great Britain;Royal Institution of London
http://www.wikidata.org/entity/Q7374479	Scientific Society	Royal Microscopical Society	Microscopical Society of London
http://www.wikidata.org/entity/Q1201062	Scientific Society	Royal Nordic Society of Antiquaries	Hið konunglega norræna fornfræðafélag
http://www.wikidata.org/entity/Q905549	Scientific Society	Royal Society of Chemistry	RSC;Burlington House;rsc.org;The Royal Society of Chemistry
http://www.wikidata.org/entity/Q56643750	Scientific Society	Royal Society of Chemistry Analytical Division	Analytical Division of the Royal Society of Chemistry
http://www.wikidata.org/entity/Q56644382	Scientific Society	Royal Society of Chemistry Chemistry Biology Interface Division	Chemistry Biology Interface Division of the Royal Society of Chemistry
http://www.wikidata.org/entity/Q56644135	Scientific Society	Royal Society of Chemistry Dalton Division	Dalton Division of the Royal Society of Chemistry
http://www.wikidata.org/entity/Q56644200	Scientific Society	Royal Society of Chemistry Education Division	Education Division of the Royal Society of Chemistry
http://www.wikidata.org/entity/Q56644246	Scientific Society	Royal Society of Chemistry Environment, Sustainability and Energy Division	Environment Division of the Royal Society of Chemistry;Environment, Sustainability and Energy Division of the Environment, Sustainability and Energy Division of the Royal Society of Chemistry;Royal Society of Chemistry Environment Division
http://www.wikidata.org/entity/Q56643523	Scientific Society	Royal Society of Chemistry Faraday Division	Faraday Division of the Royal Society of Chemistry
http://www.wikidata.org/entity/Q56643968	Scientific Society	Royal Society of Chemistry Industry and Technology Division	Industrial Division of the Royal Society of Chemistry;Industry and Technology Division of the Royal Society of Chemistry;Royal Society of Chemistry Industrial Division
http://www.wikidata.org/entity/Q56644298	Scientific Society	Royal Society of Chemistry Materials Chemistry Division	Materials Chemistry Division of the Royal Society of Chemistry
http://www.wikidata.org/entity/Q56644410	Scientific Society	Royal Society of Chemistry Organic Division	Organic Division of the Royal Society of Chemistry
http://www.wikidata.org/entity/Q7374857	Scientific Society	Royal Society of Tasmania	RST
http://www.wikidata.org/entity/Q6102145	Scientific Society	Royal Spanish Mathematical Society	RSME
http://www.wikidata.org/entity/Q9067102	Scientific Society	Royal Spanish Society of Natural History	Real Sociedad Española de Historia Natural;RSEHN
http://www.wikidata.org/entity/Q6102139	Scientific Society	Royal Spanish Society of Physics	Real Sociedad Española de Física;Royal Spanish Physical Society
http://www.wikidata.org/entity/Q1692699	Scientific Society	Royal Statistical Society	RSS
http://www.wikidata.org/entity/Q7380551	Scientific Society	Rural Sociological Society	ruralsociology.org
http://www.wikidata.org/entity/Q4401058	Scientific Society	Russian Entomological Society	RES
http://www.wikidata.org/entity/Q4398240	Scientific Society	Russian Mineralogical Society	РМО
http://www.wikidata.org/entity/Q22908446	Scientific Society	SAICM	Strategic Approach to International Chemicals Management
http://www.wikidata.org/entity/Q9072292	Scientific Society	SAREM	Sociedad Argentina para el Estudio de los Mamíferos
http://www.wikidata.org/entity/Q14793	Scientific Society	SIL International	SIL;sil.org;Summer Institute of Linguistics
http://www.wikidata.org/entity/Q97992312	Scientific Society	Senologic International Society	SIS;Société Internationale de Sénologie
http://www.wikidata.org/entity/Q2991053	Scientific Society	Shevchenko Scientific Society	Naukove tovarystvo im. Shevchenka;NTSh;Shevchenko Society;Tovarystvo im. Shevchenka
http://www.wikidata.org/entity/Q12776242	Scientific Society	Slovak Astronomical Society	SAS;Slovenská Astronomická Spoločnosť
http://www.wikidata.org/entity/Q93086362	Scientific Society	Sociedad Entomológica Aragonesa	SEA;S. E. A.
http://www.wikidata.org/entity/Q105046909	Scientific Society	Sociedad Española de Historia Natural	S.E.H.N.;Spanish Society of Natural History
http://www.wikidata.org/entity/Q28090405	Scientific Society	Sociedad Española de Microbiología	Spanish Society for Microbiology
http://www.wikidata.org/entity/Q50036207	Scientific Society	Sociedad Española de Nefrología	SEN
http://www.wikidata.org/entity/Q6130869	Scientific Society	Sociedad Española de Paleontología	Spanish Paleontological Society
http://www.wikidata.org/entity/Q108840035	Scientific Society	Sociedad Peruana de Epidemiología	Peruvian Epidemiology Society
http://www.wikidata.org/entity/Q7551908	Scientific Society	Sociedade Brasileira de Geofísica	SBGf
http://www.wikidata.org/entity/Q10372618	Scientific Society	Sociedade Brasileira de Paleontologia	SBP
http://www.wikidata.org/entity/Q29518034	Scientific Society	Societas Herpetologica Italica	Societas Herpetologica Italica (S.H.I.)
http://www.wikidata.org/entity/Q15856079	Scientific Society	Society Austrian Society for Allergology and Immunology	Austrian Society for Allergology and Immunology;Österreichische Gesellschaft für Allergologie und Immunologie;Ostrreichische Gesellschaft fur Allergologie und Immunologie
http://www.wikidata.org/entity/Q21682608	Scientific Society	Society for Brain Mapping and Therapeutics	SBMT
http://www.wikidata.org/entity/Q24190357	Scientific Society	Society for Canadian Women in Science and Technology	SCWIST
http://www.wikidata.org/entity/Q65082544	Scientific Society	Society for Freshwater Science	SFS
http://www.wikidata.org/entity/Q7552136	Scientific Society	Society for Hematology and Stem Cells	Society for Experimental Hematology;International Society for Experimental Hematology;ISEH
http://www.wikidata.org/entity/Q25303109	Scientific Society	Society for Molecular Biology and Evolution	SMBE
http://www.wikidata.org/entity/Q108863663	Scientific Society	Society for Northwestern Vertebrate Biology	SNVB;The Society for Northwestern Vertebrate Biology
http://www.wikidata.org/entity/Q7552244	Scientific Society	Society for Social Medicine	Society for Social Medicine and Population Health
http://www.wikidata.org/entity/Q7552290	Scientific Society	Society for the History of Discoveries	SHD
http://www.wikidata.org/entity/Q7552298	Scientific Society	Society for the Preservation of Natural History Collections	SPNHC
http://www.wikidata.org/entity/Q3488083	Scientific Society	Society of Devotees of Natural Science, Anthropology, and Ethnography	Moscow Society for Natural Science;Society of Natural Scientists
http://www.wikidata.org/entity/Q4330328	Scientific Society	Society of Labor Economists	SOLE
http://www.wikidata.org/entity/Q3963303	Scientific Society	Società Botanica Italiana	Societa Botanica Italiana
http://www.wikidata.org/entity/Q97994703	Scientific Society	Società Italiana di Senologia	Italian Society of Senology
http://www.wikidata.org/entity/Q3963394	Scientific Society	Società Italiana per il Progresso delle Scienze	The Italian Society for the Advancement of Science;SIPS;Italian Society for the Advancement of Science
http://www.wikidata.org/entity/Q29076940	Scientific Society	Société Van Mons	Van Mons Society
http://www.wikidata.org/entity/Q644808	Scientific Society	Société de Linguistique de Paris	SLP
http://www.wikidata.org/entity/Q47526661	Scientific Society	Société des sciences naturelles du Maroc	Société des sciences naturelles et physiques du Maroc
http://www.wikidata.org/entity/Q519896	Scientific Society	Société entomologique de France	Entomological Society of France;Societe entomologique de France
http://www.wikidata.org/entity/Q1567296	Scientific Society	Société géologique de France	Societe geologique de France
http://www.wikidata.org/entity/Q66810004	Scientific Society	Société géologique du Nord	Geological Society of North
http://www.wikidata.org/entity/Q70005823	Scientific Society	Société internationale de linguistique fonctionnelle	International Society of Functional Linguistics;ISFL
http://www.wikidata.org/entity/Q3488466	Scientific Society	Société linnéenne de Paris	Societe d'Histoire Naturelle de Paris
http://www.wikidata.org/entity/Q749105	Scientific Society	Société zoologique de France	La Societe zoologique de France;La Société zoologique de France;Societe zoologique de France;Zoological Society of France
http://www.wikidata.org/entity/Q10873493	Scientific Society	Soil Science Society of China	SSSC
http://www.wikidata.org/entity/Q50993989	Scientific Society	South African Institute of Physics	SAIP
http://www.wikidata.org/entity/Q15995491	Scientific Society	Southern Appalachian Botanical Society	SABS
http://www.wikidata.org/entity/Q29918727	Scientific Society	Spanish Association for Pacific Studies	Asociación Española de Estudios del Pacífico
http://www.wikidata.org/entity/Q1849551	Scientific Society	Spanish Ornithological Society	SEO;SEO BirdLife;SEO/BirdLife;Sociedad Española de Ornitología
http://www.wikidata.org/entity/Q19879481	Scientific Society	Statistical Society of Australia	SSA
http://www.wikidata.org/entity/Q42738046	Scientific Society	Sydney University Chemical Society	SUCS
http://www.wikidata.org/entity/Q374902	Scientific Society	The Asiatic Society	The Royal Asiatic Society of Bengal;The Asiatic Society of Bengal;Asiatic Society of Bengal;Asiatick Society
http://www.wikidata.org/entity/Q60996433	Scientific Society	The Chinese Society of Education	CSE
http://www.wikidata.org/entity/Q84338708	Scientific Society	The Coleopterists Society	Coleopterists Society
http://www.wikidata.org/entity/Q60996437	Scientific Society	The Entomological Society of China	ESC
http://www.wikidata.org/entity/Q52636536	Scientific Society	The Icelandic Medical Association	Icelandic Medical Association
http://www.wikidata.org/entity/Q11507419	Scientific Society	The Japanese Society of Systematic Zoology	Japanese Society of Systematic Zoology;Nihon Dōbutsu Bunrui Gakkai
http://www.wikidata.org/entity/Q16171199	Scientific Society	The Korean Institute Of Chemical Engineers	KICHE;Korean Institute Of Chemical Engineers
http://www.wikidata.org/entity/Q30036897	Scientific Society	The Malacological Society of Taiwan	Malacological Society of Taiwan
http://www.wikidata.org/entity/Q7757011	Scientific Society	The Physiological Society	Physiological Society, The;PhySoc
http://www.wikidata.org/entity/Q3847420	Scientific Society	USB Implementers Forum	Universal Serial Bus Implementers Forum;USB-IF
http://www.wikidata.org/entity/Q4405827	Scientific Society	Ukrainian Entomological Society	Ukraïnsʹke entomolohichne tovarystvo
http://www.wikidata.org/entity/Q16720857	Scientific Society	Ukrainian Physiological Society	UPS;P.G. Kostyuk Ukrainian Physiological Society
http://www.wikidata.org/entity/Q1686184	Scientific Society	Union of Czech mathematicians and physicists	Jednota českých matematiků a fyziků;Union of Czech Mathematicians
http://www.wikidata.org/entity/Q61883909	Scientific Society	Venetian Society of Natural Sciences	SVSN;Società Veneziana di Scienze Naturali
http://www.wikidata.org/entity/Q20668002	Scientific Society	Verein für Thüringische Geschichte	Verein für Thüringische Geschichte und Altertumskunde
http://www.wikidata.org/entity/Q99625298	Scientific Society	Virginia Natural History Society	VNHS
http://www.wikidata.org/entity/Q8023158	Scientific Society	Wilson Ornithological Society	Wilson Ornithological Chapter of the Agassiz Association.
http://www.wikidata.org/entity/Q55239284	Scientific Society	Winnipeg Institute for Theoretical Physics	WITP
http://www.wikidata.org/entity/Q108107281	Scientific Society	World Society for Virology	WSV
http://www.wikidata.org/entity/Q61070717	Scientific Society	Węgierskie Towarzystwo im. Mickiewicza	Węgierskie Towarzystwo im. Mickiewicza
http://www.wikidata.org/entity/Q100330046	Scientific Society	Young Scientists Association NAU	YSA NAU
http://www.wikidata.org/entity/Q220198	Scientific Society	Zoological Society of London	ZSL
http://www.wikidata.org/entity/Q12073557	Scientific Society	Zoological Survey of India	ZSI
http://www.wikidata.org/entity/Q414147	Scientific Society	academy of sciences	scientific academy
http://www.wikidata.org/entity/Q77081150	Scientific Society	archaeological society	archaeology society
http://www.wikidata.org/entity/Q10729872	Scientific Society	medical association	medical college;medical society;medical societies;health society;health association;health associations;health societies;medical associations;medical council
http://www.wikidata.org/entity/Q19869268	Scientific Society	medical society	medical societies;societies, medical
http://www.wikidata.org/entity/Q100990343	Scientific Society	Česká kardiologická společnost	Ceska kardiologicka spolecnost
