item	type	itemLabel	labels
http://www.wikidata.org/entity/Q18396865	Doctoral Degree	Danish PhD	ph.d.;Ph.D.;PhD
http://www.wikidata.org/entity/Q3033559	Doctoral Degree	Doctor of Arts	D.A.
http://www.wikidata.org/entity/Q3982454	Doctoral Degree	Doctor of Audiology	Au.D.;AuD
http://www.wikidata.org/entity/Q1233911	Doctoral Degree	Doctor of Business Administration	D.B.A.
http://www.wikidata.org/entity/Q64995082	Doctoral Degree	Doctor of Chiropractic	D.C.
http://www.wikidata.org/entity/Q5287501	Doctoral Degree	Doctor of Civil Law	DCL;D.C.L.;Juris Civilis Doctor;Legis Civilis Doctor;DCL;D.C.L.;Juris Civilis Doctor;Legis Civilis Doctor
http://www.wikidata.org/entity/Q5287500	Doctoral Degree	Doctor of Clinical Psychology	ClinPsyD;DClinPsy;DClinPsych
http://www.wikidata.org/entity/Q5287502	Doctoral Degree	Doctor of Commerce	DCom
http://www.wikidata.org/entity/Q65091806	Doctoral Degree	Doctor of Criminal Justice	Doctor of Criminology
http://www.wikidata.org/entity/Q99194036	Doctoral Degree	Doctor of Dental Medicine	DMD;D.M.D.;Dentariae Medicinae Doctor;Doctor of Medicine in Dentistry
http://www.wikidata.org/entity/Q12198834	Doctoral Degree	Doctor of Dental Surgery	DMD;DDS;Doctor of Dental Medicine;Doctor of Medicine in Dentistry;Chirurgae Dentium Doctoris;D.D.S.;D.MD.
http://www.wikidata.org/entity/Q57713228	Doctoral Degree	Doctor of Design	D.Des.
http://www.wikidata.org/entity/Q1984623	Doctoral Degree	Doctor of Divinity	DD;D. D.;D.D.;D. Div.
http://www.wikidata.org/entity/Q837184	Doctoral Degree	Doctor of Education	Ed.D.;D.Ed.;DEd;EdD
http://www.wikidata.org/entity/Q17119067	Doctoral Degree	Doctor of Engineering	D.Eng.;D.Engr.;DEng
http://www.wikidata.org/entity/Q9301216	Doctoral Degree	Doctor of Humane Letters	D. H. L.;D.H.L.;L. H. D.;L.H.D.;Litterarum humanarum doctor
http://www.wikidata.org/entity/Q3033568	Doctoral Degree	Doctor of Juridical Science	SJD;JSD;Doctor of Laws;Doctor of the Science of Law;doctorate in Law;J.S.D.;S.J.D.;Scientiae Juridicae Doctor
http://www.wikidata.org/entity/Q959320	Doctoral Degree	Doctor of Laws	Doctor of Law
http://www.wikidata.org/entity/Q837343	Doctoral Degree	Doctor of Letters	D. Lit.;D.Litt.;DLitt;Doctor of Literature;Lit. D.;Litt.D.;LittD
http://www.wikidata.org/entity/Q913404	Doctoral Degree	Doctor of Medicine	MD;Medical doctor;M.D.;M. D.;Doctorate of Medicine;Dr. med.
http://www.wikidata.org/entity/Q3712460	Doctoral Degree	Doctor of Ministry	D.Min. DMin;D.Min. DMin
http://www.wikidata.org/entity/Q5287516	Doctoral Degree	Doctor of Music	D.M.;D.Mus.;Mus.D.;Mus.Doc.
http://www.wikidata.org/entity/Q63066073	Doctoral Degree	Doctor of Music Education	D.M.E.
http://www.wikidata.org/entity/Q5287517	Doctoral Degree	Doctor of Musical Arts	DMA;A.Mus.D.;D.M.;D.M.A.;D.Mus.A.
http://www.wikidata.org/entity/Q56755293	Doctoral Degree	Doctor of Optometry	O.D.
http://www.wikidata.org/entity/Q5287521	Doctoral Degree	Doctor of Osteopathic Medicine	DO;Osteopathic Physician;Osteopathic Physicians
http://www.wikidata.org/entity/Q2098180	Doctoral Degree	Doctor of Pharmacy	Pharm. D.;Pharm.D;Pharm.D.;PharmD;PharmD.
http://www.wikidata.org/entity/Q752297	Doctoral Degree	Doctor of Philosophy	Ph.D.;Ph. D.;Dr. phil.;PhD;D. phil.;D.Phil.;DPhil
http://www.wikidata.org/entity/Q51282096	Doctoral Degree	Doctor of Philosophy by Research Publications	Doctor of Philosophy by publication;PhD(P)
http://www.wikidata.org/entity/Q11408912	Doctoral Degree	Doctor of Philosophy in Economics	Doctor of Economics
http://www.wikidata.org/entity/Q53777529	Doctoral Degree	Doctor of Philosophy in Inorganic Chemistry	Ph.D. Inorganic Chemistry;Ph.D. Inorganic Chemistry
http://www.wikidata.org/entity/Q5287523	Doctoral Degree	Doctor of Physical Therapy	DPT;D.P.T.
http://www.wikidata.org/entity/Q108668948	Doctoral Degree	Doctor of Podiatric Medicine	DPM
http://www.wikidata.org/entity/Q64172881	Doctoral Degree	Doctor of Policy, Planning and Development	DPPD;D.P.P.D.
http://www.wikidata.org/entity/Q27990094	Doctoral Degree	Doctor of Political Science	Doctor rerum politicarum;Dr. rer. pol.
http://www.wikidata.org/entity/Q3121417	Doctoral Degree	Doctor of Psychology	Psy.D.
http://www.wikidata.org/entity/Q20991086	Doctoral Degree	Doctor of Public Health	Dr.P.H.;DrPH
http://www.wikidata.org/entity/Q28198191	Doctoral Degree	Doctor of Sacred Music	SMD;DSM;DCM;D.C.M.;D.S.M.;Doctor of Church Music;S.M.D.;Sacrae Musica Doctor
http://www.wikidata.org/entity/Q31171	Doctoral Degree	Doctor of Sacred Theology	S.T.D.;Sacrae Theologiae Doctor
http://www.wikidata.org/entity/Q2248352	Doctoral Degree	Doctor of Science	D. Sc.;D.S.;D.Sc.;Dr. Sc.;Dr.Sc.;DSc;S.D.;Sc. D.;Sc.D.;ScD;D. Sc.;D.S.;D.Sc.;Dr. Sc.;Dr.Sc.;DSc;S.D.;Sc. D.;Sc.D.;ScD
http://www.wikidata.org/entity/Q2628227	Doctoral Degree	Doctor of Sciences	Doctor of Sciences (Soviet Union and post-Soviet states);Doktor Nauk
http://www.wikidata.org/entity/Q5287527	Doctoral Degree	Doctor of Social Science	Dr. rer. soc.;DSSc
http://www.wikidata.org/entity/Q28052809	Doctoral Degree	Doctor of Tropical Medicine	D. T. M.
http://www.wikidata.org/entity/Q1862897	Doctoral Degree	Doctor of Veterinary Medicine	VMD;DVM;D.V.M.;Doctorate of Veterinary Medicine
http://www.wikidata.org/entity/Q65013113	Doctoral Degree	Doctor of Veterinary Science	D.V.S.
http://www.wikidata.org/entity/Q51955172	Doctoral Degree	Doctor rerum montanarum	Dr. mont.
http://www.wikidata.org/entity/Q3033550	Doctoral Degree	Doctorate in France	Doctorat (France);Doctorate degree in France
http://www.wikidata.org/entity/Q1253774	Doctoral Degree	Doktoringenieur	Dr.-Ing.
http://www.wikidata.org/entity/Q58447854	Doctoral Degree	Honorary Doctor of Arts	Honorary Doctorate of Arts
http://www.wikidata.org/entity/Q1540185	Doctoral Degree	Juris Doctor	JD;J.D.;D.Jur.;DJur;Doctor of Jurisprudence
http://www.wikidata.org/entity/Q6518699	Doctoral Degree	Legum Doctor	LLD;Doctor of Laws;LL.D;LL.D.;LLD;Doctor of Laws;LL.D;LL.D.
http://www.wikidata.org/entity/Q3033557	Doctoral Degree	MD-PhD	M.D.-Ph.D.
http://www.wikidata.org/entity/Q11995613	Doctoral Degree	Norwegian PhD	ph.d.
http://www.wikidata.org/entity/Q82964216	Doctoral Degree	Oral Tradition: A functional analysis of Tamil Health proverbial themes	Ph.D title of Thamizhpparithi Maari
http://www.wikidata.org/entity/Q47512597	Doctoral Degree	PhD in Psychology	PhD in psychology;PhD in Psychology
http://www.wikidata.org/entity/Q29573983	Doctoral Degree	Saqafi	Hafiz Saqafi;Fazil Saqafi;Fazil Saquafi;Hafiz Saquafi;Kamil Saqafi;Kamil Saquafi;Saquafi
http://www.wikidata.org/entity/Q62081841	Doctoral Degree	doctor of forestry sciences	Dr. forest.;Dr. rer. forest.;Dr. rer. silv.
http://www.wikidata.org/entity/Q3033549	Doctoral Degree	doctorate	doctoraat;doctorat
