item	type	itemLabel	labels
http://www.wikidata.org/entity/Q4682594	Belief	Adi Dharm	Adi Brahma Dharma;Adi Brahma Sabha;Adi Brahmo Samaj
http://www.wikidata.org/entity/Q388202	Belief	Afro-American religion	African diasporic religions;New World traditions
http://www.wikidata.org/entity/Q4708829	Belief	Alatrism	Alatry
http://www.wikidata.org/entity/Q11354175	Belief	Ananaikyo	Ananai-kyō;Ananaikyō
http://www.wikidata.org/entity/Q21028568	Belief	Ancient Mesopotamian religion	Mesopotamian religion;Mesopotamian religion
http://www.wikidata.org/entity/Q6423963	Belief	Anglicanism	Anglicanism, Anglican Church
http://www.wikidata.org/entity/Q4780215	Belief	Apokpa Marup	Apokpa religion
http://www.wikidata.org/entity/Q2533443	Belief	Arba'ah Turim	Tur;Arbah Turim
http://www.wikidata.org/entity/Q4802022	Belief	Aruch HaShulchan	Aruch HaShulchan
http://www.wikidata.org/entity/Q376608	Belief	Australian Aboriginal mythology	Aboriginal Australian mythology;indigenous Australian mythology;mythology of Aboriginal Australians;mythology of Australian Aboriginals;mythology of indigenous Australians
http://www.wikidata.org/entity/Q22679	Belief	Bahá'í Faith	Bahai;Baha'i religion;Bahais;Ba'hai;Baha faith;Bahá faith;Baha';Baha'I;Bahá'í;Bahá'í Cause;Baha'i Community;Baha'i Faith;Bahá'i Faith;Bahá'í World Faith;Bahá'í+Faith;Baha'iism;Baha'is;Bahá'ís;Baha'ism;Baha'iyyah;Baha'iyyih;Bahá’í;Baha’i Faith;Bahá’í Faith;Baha’is;Bahá’ís;Bahá´i Faith;Baháí;Bahai Faith;Bahái Faith;Bahai religion;Bahai'ism;Bahaii;Bahaiism;Bahaism;Baháísm;Bahaist;Bahaists;bahhaii;Bahism;Bakhai;The Baha'i;The Baha'i Community;The Baha'i Faith;The Bahá'í Faith;The Baha'is;The Bahai;The Bahai Faith;Бәһаи
http://www.wikidata.org/entity/Q815628	Belief	Bon	bön;bon-po;bonpo;bönpo
http://www.wikidata.org/entity/Q889766	Belief	Brahmanism	Brahminism
http://www.wikidata.org/entity/Q748	Belief	Buddhism	Buddha Dharma
http://www.wikidata.org/entity/Q64008049	Belief	C3WOC	WOC, Waffle
http://www.wikidata.org/entity/Q2914567	Belief	Canaanite religion	ancient Canaanite religion
http://www.wikidata.org/entity/Q752660	Belief	Candomblé	Batuque;Cadomble;Candomble;Candonble;Batuque;Cadomble;Candomble;Candonble
http://www.wikidata.org/entity/Q263031	Belief	Celtic polytheism	Celtic religion;Celtic paganism
http://www.wikidata.org/entity/Q513638	Belief	Cheondoism	Ch'ŏndogyo;Chondoism
http://www.wikidata.org/entity/Q1074275	Belief	Chinese folk religion	traditional Chinese religion
http://www.wikidata.org/entity/Q5043	Belief	Christianity	Christian faith
http://www.wikidata.org/entity/Q13408013	Belief	Coconut Religion	Đạo Dừa;Hòa đồng Tôn giáo
http://www.wikidata.org/entity/Q9581	Belief	Confucianism	Ruism
http://www.wikidata.org/entity/Q716356	Belief	Dahomean religion	Dahomey mythology
http://www.wikidata.org/entity/Q22939129	Belief	Darkhei Moshe	Darchei Moshe;Darkhei Moshe
http://www.wikidata.org/entity/Q2347558	Belief	Din-e Ilahi	Din-e Ilahi;Divine Faith
http://www.wikidata.org/entity/Q4166501	Belief	Donyi-Polo	Doni-Polo;Donyi-Poloism
http://www.wikidata.org/entity/Q784270	Belief	Drukpa Lineage	Drukpa Kagyu
http://www.wikidata.org/entity/Q163943	Belief	Druze	Druze faith;Druze religion;Druzism
http://www.wikidata.org/entity/Q5327307	Belief	Earthseed	Earth seed;seed of Earth
http://www.wikidata.org/entity/Q35032	Belief	Eastern Orthodox Church	Greek Church;Orthodox Church;Church of the Seven Councils;Eastern Church;Eastern Orthodox communion;Orthodox Catholic Church
http://www.wikidata.org/entity/Q3250393	Belief	Eastern religion	Eastern religions
http://www.wikidata.org/entity/Q1281268	Belief	Eckankar	Eck
http://www.wikidata.org/entity/Q205740	Belief	Egyptian mythology	Ancient Egyptian mythology;Egyptian myths;mythology of ancient Egypt
http://www.wikidata.org/entity/Q17002560	Belief	Esoteric Nazism	Esoteric Hitlerism
http://www.wikidata.org/entity/Q15733922	Belief	Faism	Folk Taoism;Red Taoism
http://www.wikidata.org/entity/Q2917160	Belief	Feri Tradition	Anderson Faerie Tradition;Anderson Fairy Tradition;Anderson Feri Tradition;Faerie Tradition;Fairy Tradition
http://www.wikidata.org/entity/Q1122452	Belief	Germanic paganism	Germanic religion
http://www.wikidata.org/entity/Q505821	Belief	Greco-Roman mysteries	mysteries
http://www.wikidata.org/entity/Q302729	Belief	Haitian Vodou	Voodoo;Vodun;Vaudou;Vodoun
http://www.wikidata.org/entity/Q88876702	Belief	Hangui	anji
http://www.wikidata.org/entity/Q285441	Belief	Heathenry	Germanic Neopaganism;Heathenism
http://www.wikidata.org/entity/Q9089	Belief	Hinduism	Hindoo dharam;Hindu Dharma;Hindu religion;Sanatan Dharma;ॐ;🛕
http://www.wikidata.org/entity/Q194497	Belief	Historical Vedic religion	vedism
http://www.wikidata.org/entity/Q1426400	Belief	Homaranismo	humanitism
http://www.wikidata.org/entity/Q21086150	Belief	Hurrian religion	Hurrian mythology
http://www.wikidata.org/entity/Q1426922	Belief	Ifá	Ifa
http://www.wikidata.org/entity/Q159108	Belief	Independent Catholicism	Catholics not in communion with Rome;Independent Catholic churches
http://www.wikidata.org/entity/Q1651597	Belief	Indian religions	Dharmic religions;Indic religions;South Asian religions
http://www.wikidata.org/entity/Q432	Belief	Islam	al-’islām;Islamic religion;Mohammedanism;Muslim religion;religion of the Muslims
http://www.wikidata.org/entity/Q6082705	Belief	Islamic extremism	Islamist extremism
http://www.wikidata.org/entity/Q9232	Belief	Jainism	Jain dharma;Jain mata;Jaina;jainas;Jainatva;Jaini;Jainy;nirgrantha;Jain dharma;Jain mata;Jaina;jainas;Jainatva;Jaini;Jainy;nirgrantha
http://www.wikidata.org/entity/Q65078498	Belief	Jamaican Maroon religion	Kumfu
http://www.wikidata.org/entity/Q181800	Belief	Juche	Juche idea;Juche ideology
http://www.wikidata.org/entity/Q9268	Belief	Judaism	Jewish;Jewish religion
http://www.wikidata.org/entity/Q1081042	Belief	Kemetism	Egyptian Neopaganism;Neterism;Netjerism
http://www.wikidata.org/entity/Q699747	Belief	Korean shamanism	Mu;Muism
http://www.wikidata.org/entity/Q1097673	Belief	Latter Day Saint movement	Mormonism;Mormon movement;Mormon religion
http://www.wikidata.org/entity/Q3326704	Belief	Liberal Jewish Movement of France	MJLF
http://www.wikidata.org/entity/Q6673892	Belief	Longhouse Religion	Gaihwi:io (Good Message);The Code of Handsome Lake
http://www.wikidata.org/entity/Q4016589	Belief	Louisiana Voodoo	Voodoo;New Orleans Voodoo;Vodun
http://www.wikidata.org/entity/Q75809	Belief	Lutheranism	Lutherans;Lutheran Church
http://www.wikidata.org/entity/Q205754	Belief	Mandaeism	Mandā'iyyah;Mandå'iyyån;Mandaeanism;Mandaʻiūtā;Mandaiuta
http://www.wikidata.org/entity/Q2069741	Belief	Matha	mata;maṭha;mutta
http://www.wikidata.org/entity/Q106645404	Belief	Mentanianism	Gospel Of Caeles;Gospel Of Consciousness;Mentaniasus
http://www.wikidata.org/entity/Q538136	Belief	Midewiwin	Grand Medicine Society
http://www.wikidata.org/entity/Q920084	Belief	Native American Church	Peyotism
http://www.wikidata.org/entity/Q5162345	Belief	Native American religion	American Indian religion;religion of the indigenous peoples of America;Amerindian religion;indigenous religion of the Americas
http://www.wikidata.org/entity/Q109214210	Belief	Native American religion in North America	Amerindian religion in North America
http://www.wikidata.org/entity/Q183308	Belief	New Age	New Age Movement
http://www.wikidata.org/entity/Q365138	Belief	Ngor	Ngor lineage;Ngorpa
http://www.wikidata.org/entity/Q223710	Belief	Old Believers	Old Ritualists;staroobriadtsy;starovery
http://www.wikidata.org/entity/Q242517	Belief	Orphism	Orphicism
http://www.wikidata.org/entity/Q1589278	Belief	Pai Mārire	Hauhau
http://www.wikidata.org/entity/Q2529896	Belief	Palo Mayombe	Palo
http://www.wikidata.org/entity/Q14397660	Belief	Pastafarianism	Church of the Flying Spaghetti Monster;Flying Spaghetti Monsterism;Pastafarianism
http://www.wikidata.org/entity/Q1130378	Belief	Persian mythology	Iranian mythology
http://www.wikidata.org/entity/Q7243552	Belief	Primitive Baptists	Anti-Mission Baptists;Hard Shell Baptists;Old School Baptists
http://www.wikidata.org/entity/Q1401124	Belief	Proto-Indo-European religion	Proto–Indo‐European mythology
http://www.wikidata.org/entity/Q101462	Belief	Rastafari movement	Rastafari;Rasta;Rastar;Ras Tafari;Rastafarianism
http://www.wikidata.org/entity/Q1861716	Belief	Religion of Humanity	Positivism;Church of Humanity;Church of Positivism
http://www.wikidata.org/entity/Q892785	Belief	Ryukyuan religion	Nirai Kanai Shinkō;Ryukyu Shintō;Utaki Shinkō
http://www.wikidata.org/entity/Q3450786	Belief	Sallekhana	Itvar;Samlehna;Santhara
http://www.wikidata.org/entity/Q6981696	Belief	Samaritanism	Samaritan religion;Samaritan religion
http://www.wikidata.org/entity/Q7415486	Belief	Sanamahism	Kanglei Laining;Kanglei religion;Meetei Laining;Meetei religion;Meitei Laining;Meitei religion;Pakhangba Laining;Pakhangba religion;Pakhangpa Laining;Pakhangpa religion;Sanamahi Laining;Sanamahi religion
http://www.wikidata.org/entity/Q7433833	Belief	Scientism	Church of Science
http://www.wikidata.org/entity/Q849345	Belief	Shaktism	Devi Tradition;Shakta Sampradaya
http://www.wikidata.org/entity/Q211390	Belief	Shramana	Śramaṇa
http://www.wikidata.org/entity/Q948515	Belief	Spiritual Christianity	Malakan;Molokans;narodnye protestanty;sektanty
http://www.wikidata.org/entity/Q275051	Belief	Sumerian religion	Sumerian mythology
http://www.wikidata.org/entity/Q31074565	Belief	Sun descendants	Descendant of the sun;Solar descendants;Sons of the sun
http://www.wikidata.org/entity/Q4765190	Belief	Tai folk religion	Animism in Laos;Satsana Phi;ศาสนาผี;ສາສະໜາຜີ
http://www.wikidata.org/entity/Q9598	Belief	Taoism	Daoism;Daoism
http://www.wikidata.org/entity/Q837605	Belief	Tengrism	Tenggerism;Tengrianism;Tengriism
http://www.wikidata.org/entity/Q1755789	Belief	The New Church	Church of the New Jerusalem;Lord's New Church;Neo-Christians;New Christians;Swedenborgianism;The Lord's New Church
http://www.wikidata.org/entity/Q109335991	Belief	Tradition	Faith
http://www.wikidata.org/entity/Q65962805	Belief	Umbandism	Umbandism;Umbanda;Umbanda movement
http://www.wikidata.org/entity/Q106687	Belief	Unitarianism	rational dissent
http://www.wikidata.org/entity/Q45584	Belief	Vaishnavism	Vaishnava;Vaisnava dharma;Vaisnavism
http://www.wikidata.org/entity/Q177764	Belief	Vodun	Voodoo;Vodoun;Voudou;Vodon;Vodou
http://www.wikidata.org/entity/Q1142216	Belief	White Lotus	Bailianism
http://www.wikidata.org/entity/Q59774	Belief	Wicca	the Craft;witchcraft
http://www.wikidata.org/entity/Q48957376	Belief	WinningJahrian	Philosophy
http://www.wikidata.org/entity/Q1107103	Belief	Yazdânism	Yazdanism
http://www.wikidata.org/entity/Q18670106	Belief	Yazidism	Sharfadin;Yezidism
http://www.wikidata.org/entity/Q1086440	Belief	Yoruba religion	Yoruba
http://www.wikidata.org/entity/Q578719	Belief	Yuzu Nembutsu	Yuzu Nembutsu-su
http://www.wikidata.org/entity/Q9601	Belief	Zoroastrianism	Magianism;Mazdaism;Mazdanism;Mazdayasna;The Good Religion;Zarathustraism
http://www.wikidata.org/entity/Q4726861	Belief	aliran kepercayaan	branches of beliefs in Indonesia;flows of beliefs in Indonesia
http://www.wikidata.org/entity/Q337547	Belief	ancient Roman religion	ancient Roman polytheism;Religio Romana;Roman polytheism;Roman religion;ancient Roman polytheism;Religio Romana;Roman polytheism;Roman religion
http://www.wikidata.org/entity/Q65295431	Belief	ancient druidism	druidism
http://www.wikidata.org/entity/Q1571949	Belief	ariosophy	Ario-Christianity;Armanism;Theozoology
http://www.wikidata.org/entity/Q56075704	Belief	asatru	Ásatrú
http://www.wikidata.org/entity/Q7066	Belief	atheism	unbelief
http://www.wikidata.org/entity/Q2882899	Belief	beliefs and practices of The Church of Jesus Christ of Latter-day Saints	doctrine of the LDS Church;LDS Church doctrine;LDS Church theology;LDS doctrine;theology of the LDS Church
http://www.wikidata.org/entity/Q620629	Belief	deism	Deism
http://www.wikidata.org/entity/Q1189816	Belief	ethnic religïon	indigenous religion;ethnoreligion
http://www.wikidata.org/entity/Q4533081	Belief	ethnolinguistic group	ethno-linguistic group
http://www.wikidata.org/entity/Q1068640	Belief	folk religion	popular belief;popular religion;vernacular religion
http://www.wikidata.org/entity/Q840665	Belief	idolatry	idolatrousness;Idolatry;idolism;idolodulia;idolomancy;image worship
http://www.wikidata.org/entity/Q44311	Belief	jihad	Jihad
http://www.wikidata.org/entity/Q6957341	Belief	major religious group	main religion;principal religion
http://www.wikidata.org/entity/Q131165	Belief	manichaeism	manichæism;religion of light
http://www.wikidata.org/entity/Q3303092	Belief	mazdaism	mazdeism
http://www.wikidata.org/entity/Q19842652	Belief	monotheistic religion	monotheistic faith;monotheistic faiths;monotheistic religions
http://www.wikidata.org/entity/Q477544	Belief	new religious movement	NRM
http://www.wikidata.org/entity/Q7882536	Belief	non-denominational	nondenominational
http://www.wikidata.org/entity/Q29536	Belief	paganism	heathenism;heathenry
http://www.wikidata.org/entity/Q904201	Belief	parody religion	mock religion
http://www.wikidata.org/entity/Q2654571	Belief	religion in Asia	Asia's religion;religion (Asia);religion of Asia
http://www.wikidata.org/entity/Q1734597	Belief	religion in Carthage	Punic religion
http://www.wikidata.org/entity/Q1482612	Belief	religion in China	religion (China);religion of China;religious beliefs (China);religious beliefs in China;religious beliefs of China
http://www.wikidata.org/entity/Q7311169	Belief	religion in Myanmar	religion in Burma
http://www.wikidata.org/entity/Q688894	Belief	religion in Switzerland	religion (Switzerland);religion of Switzerland;religions (Switzerland);religions in Switzerland;religions of Switzerland;Switzerland's religion;Switzerland's religions
http://www.wikidata.org/entity/Q2474955	Belief	religion in the Netherlands	Irreligion in the Netherlands
http://www.wikidata.org/entity/Q66374263	Belief	religion of an area	religion (area);religion (region);religion in country;religion in geographic location;religion in location;religion in region;religion of a region
http://www.wikidata.org/entity/Q447131	Belief	religion of ancient Egypt	Egyptian religion;ancient Egyptian religion
http://www.wikidata.org/entity/Q188213	Belief	state religion	established religion;official religion;national religion;official state religion
http://www.wikidata.org/entity/Q620805	Belief	theism	theistic;theistic religion
http://www.wikidata.org/entity/Q27657108	Belief	theosophy	Blavatskian theosophy
http://www.wikidata.org/entity/Q386498	Belief	traditional African religion	African Religion;African Religion
http://www.wikidata.org/entity/Q109870308	Belief	white American religion	white Christianity
