item	type	itemLabel	labels
http://www.wikidata.org/entity/Q45137593	Professional Society	Academic Medical Organization of Southwestern Ontario	AMOSO
http://www.wikidata.org/entity/Q45133651	Professional Society	Alabama Soybean Producers, Alabama Farmers Federation	Soybean Division, Alabama Farmers Federation;Soybeans Division, Alabama Farmers Federation
http://www.wikidata.org/entity/Q24736527	Professional Society	American Academy of Microbiology	AAM
http://www.wikidata.org/entity/Q45133139	Professional Society	American Academy of Oral and Maxillofacial Radiology	AAOMR
http://www.wikidata.org/entity/Q104668029	Professional Society	American Association for Crystal Growth	AACG
http://www.wikidata.org/entity/Q45135957	Professional Society	American Association of Heart Failure Nurses	AAHFN
http://www.wikidata.org/entity/Q45136474	Professional Society	American Association of Occupational Health Nurses	AAOHN;American Association of Occupational Health Nurses, Inc.
http://www.wikidata.org/entity/Q45132012	Professional Society	American Chemical Society Petroleum Research Fund	ACS Petroleum Research Fund;Petroleum Research Fund
http://www.wikidata.org/entity/Q465165	Professional Society	American Institute of Aeronautics and Astronautics	AIAA;American Inst. of Aeronautics & Astronautics;Institute of the Aeronautical Sciences
http://www.wikidata.org/entity/Q45135791	Professional Society	American Pediatric Surgical Nurses Association	American Pediatric Surgical Nurses Association, Inc.;APSNA
http://www.wikidata.org/entity/Q45132289	Professional Society	American Society for Transplantation and Cellular Therapy	American Society for Transplantation and Cellular Therapy;ASBMT;ASTCT;American Society for Blood and Marrow Transplantation
http://www.wikidata.org/entity/Q45133485	Professional Society	American Society for Veterinary Clinical Pathology	ASVCP
http://www.wikidata.org/entity/Q4745098	Professional Society	American Society of Naturalists	American Society of Naturalist;Society of Naturalists of the Eastern United States
http://www.wikidata.org/entity/Q4745119	Professional Society	American Solar Energy Society	ASES
http://www.wikidata.org/entity/Q45137466	Professional Society	American Water Works Association Research Foundation	AWWA Research Foundation;AwwaRF
http://www.wikidata.org/entity/Q58461271	Professional Society	Andalusian Librarians Association	AAB
http://www.wikidata.org/entity/Q30265791	Professional Society	Arbeitsgemeinschaft Dermatologische Forschung	ADF
http://www.wikidata.org/entity/Q107177378	Professional Society	Arbeitsgemeinschaft der Berufskrankenkassen für Kaufmannsgehilfen und weibliche Angestellte	AdB (Arbeitsgemeinschaft der Berufskrankenkassen);Berufskrankenkasse der Kaufmannsgehilfen und weiblichen Angestellten;BKW (Berufskrankenkasse der Kaufmannsgehilfen und weiblichen Angestellten)
http://www.wikidata.org/entity/Q55988816	Professional Society	Asian Federation of Natural Language Processing	AFNLP
http://www.wikidata.org/entity/Q82805125	Professional Society	Asociación Mexicana de Archivos y Bibliotecas Privados, A.C.	Mexican Association of Archives and Private Libraries, A.C.
http://www.wikidata.org/entity/Q56559513	Professional Society	Association for Medical Education in Europe	AMEE
http://www.wikidata.org/entity/Q45132620	Professional Society	Association for Research on Treatment against Cancer	Association for Therapeutic Research Anticancer
http://www.wikidata.org/entity/Q45132161	Professional Society	Association of Social Anthropologists of Aotearoa/New Zealand	ASAA/NZ
http://www.wikidata.org/entity/Q45133440	Professional Society	Association of Swedish Train Operating Companies	ASTOC
http://www.wikidata.org/entity/Q45134472	Professional Society	Australian Association for Research in Education	AARE
http://www.wikidata.org/entity/Q4823453	Professional Society	Australian Political Studies Association	Australasian Political Studies Association
http://www.wikidata.org/entity/Q108466282	Professional Society	Australian Society of Clinical Hypnotherapists	ASCH;The Australian Society of Clinical Hypnotherapists
http://www.wikidata.org/entity/Q45134112	Professional Society	Australian Society of Otolaryngology Head and Neck Surgery	ASOHNS;Australian Society of Otolaryngology Head & Neck Surgery
http://www.wikidata.org/entity/Q45134989	Professional Society	Australian and New Zealand Society for Geriatric Medicine	ANZSGM;Australian & New Zealand Society for Geriatric Medicine
http://www.wikidata.org/entity/Q45135068	Professional Society	Australian and New Zealand Society of Blood Transfusion	ANZSBT
http://www.wikidata.org/entity/Q45135129	Professional Society	Australian and New Zealand Society of Nephrology	ANZSN
http://www.wikidata.org/entity/Q45137447	Professional Society	Behavioral Neuroscience and Comparative Psychology	APA Division 6: Behavioral Neuroscience and Comparative Psychology;BNCP;Division 6;Society for Behavioral Neuroscience and Comparative Psychology
http://www.wikidata.org/entity/Q45134940	Professional Society	Biology Graduate Student Association, University of New Mexico	BGSA
http://www.wikidata.org/entity/Q45135035	Professional Society	Bone and Joint Decade Canada	BJDC
http://www.wikidata.org/entity/Q45131800	Professional Society	British Comparative Literature Association	BCLA
http://www.wikidata.org/entity/Q45132473	Professional Society	British Geriatrics Society - Scotland	BGS Scotland;British Geriatrics Society Scotland
http://www.wikidata.org/entity/Q45135528	Professional Society	British Society for Colposcopy and Cervical Pathology	BSCCP
http://www.wikidata.org/entity/Q45135601	Professional Society	British Society for Dental Research	BSDR
http://www.wikidata.org/entity/Q30265699	Professional Society	British Society for Oral and Dental Research	BSODR
http://www.wikidata.org/entity/Q45136260	Professional Society	British Society for Oral and Maxillofacial Pathology	BSOMP Society
http://www.wikidata.org/entity/Q45136317	Professional Society	British Society for Pediatric Dermatology	BSPD
http://www.wikidata.org/entity/Q45136578	Professional Society	British Society for the History of Philosophy	BSHP
http://www.wikidata.org/entity/Q45137008	Professional Society	British Society of Gastrointestinal and Abdominal Radiology	British Society of GI and Abdominal Radiology;BSGAR
http://www.wikidata.org/entity/Q45137236	Professional Society	British Society of Toxicological Pathology	BSTP
http://www.wikidata.org/entity/Q45132939	Professional Society	Canadian Cancer Society Research Institute	CCSRI
http://www.wikidata.org/entity/Q45133277	Professional Society	Canadian Council of Cardiovascular Nurses	CCCN
http://www.wikidata.org/entity/Q45134003	Professional Society	Catalan Society of Allergy and Clinical Immunology	Societat Catalana d'Allèrgia i Immunologia Clínica
http://www.wikidata.org/entity/Q94316435	Professional Society	Cell Death Research Society of Turkey	Cell Death Research Society Turkey
http://www.wikidata.org/entity/Q45133753	Professional Society	Central Association of Obstetricians and Gynecologists	CAOG;Central Association of Obstetricians & Gynecologists
http://www.wikidata.org/entity/Q14950045	Professional Society	Chartered Institute of Library and Information Professionals	LA;CILIP;LAUK
http://www.wikidata.org/entity/Q45133238	Professional Society	Chartered Society of Physiotherapy Charitable Trust	CSP Charitable Trust;CSPCT
http://www.wikidata.org/entity/Q45134822	Professional Society	China Research Association of Atomic and Molecular Data	CRAAMD
http://www.wikidata.org/entity/Q45136450	Professional Society	Chinese American Educational Research and Development Association	CAERDA;Chinese American Educational Research & Development Association
http://www.wikidata.org/entity/Q20984114	Professional Society	Chinese Society for Electrical Engineering	Chinese society for electrical engineering
http://www.wikidata.org/entity/Q107173922	Professional Society	Deutsche Beleuchtungstechnische Gesellschaft	DBG (Deutsche Beleuchtungstechnische Gesellschaft)
http://www.wikidata.org/entity/Q107088240	Professional Society	Deutsche Gesellschaft für Metallkunde	DGM (Deutsche Gesellschaft für Metallkunde)
http://www.wikidata.org/entity/Q819187	Professional Society	Deutsche Physikalische Gesellschaft	German Physical Society
http://www.wikidata.org/entity/Q1203853	Professional Society	Deutsche Röntgengesellschaft	Deutsche Roentgengesellschaft;Röntgen Society of Germany
http://www.wikidata.org/entity/Q107088242	Professional Society	Deutsche Wirtschaftswissenschaftliche Gesellschaft	DWG (Deutsche Wirtschaftswissenschaftliche Gesellschaft)
http://www.wikidata.org/entity/Q5412271	Professional Society	European Association of Geochemistry	EAG
http://www.wikidata.org/entity/Q45133102	Professional Society	European Early Childhood Education Research Association	EECERA
http://www.wikidata.org/entity/Q45133326	Professional Society	European Federation of Conservative Dentistry	EFCD
http://www.wikidata.org/entity/Q45135652	Professional Society	European Society for the History of Economic Thought	ESHET
http://www.wikidata.org/entity/Q28868585	Professional Society	European Society of Clinical Microbiology and Infectious Diseases	ESCMID
http://www.wikidata.org/entity/Q99609030	Professional Society	Federation of Friesian Breeders' Associations of Catalonia	Federació frisona de Catalunya;FEFRIC
http://www.wikidata.org/entity/Q45136591	Professional Society	French National Society of Gastroenterology	SNFGE
http://www.wikidata.org/entity/Q1202911	Professional Society	German Association for Medical Informatics, Biometry and Epidemiology	GMDS
http://www.wikidata.org/entity/Q45132355	Professional Society	German Society for Clinical Neurophysiology and Functional Imaging	DGKN
http://www.wikidata.org/entity/Q1202967	Professional Society	German Society for Psychology	DGPs
http://www.wikidata.org/entity/Q1518474	Professional Society	Gesellschaft für Informatik	GI
http://www.wikidata.org/entity/Q1518482	Professional Society	Gesellschaft für Klassifikation	GfKl
http://www.wikidata.org/entity/Q45136888	Professional Society	Greater Philadelphia Law Library Association	GPLLA
http://www.wikidata.org/entity/Q45134130	Professional Society	Herbert Hoover Presidential Library Association	HHPLA
http://www.wikidata.org/entity/Q45135012	Professional Society	Hong Kong Society of Nephrology	HKSN
http://www.wikidata.org/entity/Q107177267	Professional Society	Hopfenbauverband. Deutsche Sektion	Deutsche Sektion des Hopfenbauverbandes
http://www.wikidata.org/entity/Q5974468	Professional Society	ISPIM	The International Society for Professional Innovation Management
http://www.wikidata.org/entity/Q30296547	Professional Society	Indo-French Centre for the Promotion of Advanced Research	CEFIPRA;IFCPAR
http://www.wikidata.org/entity/Q45135046	Professional Society	Infectious Diseases Society for Obstetrics and Gynecology	IDSOG
http://www.wikidata.org/entity/Q45136322	Professional Society	Institute for Public Policy and Social Research	IPPSR
http://www.wikidata.org/entity/Q92469142	Professional Society	International Allelopathy Society	IAS
http://www.wikidata.org/entity/Q45135451	Professional Society	International Association of Dento-Maxillo-Facial Radiology	I.A.D.M.F.R
http://www.wikidata.org/entity/Q4288159	Professional Society	International Computer Music Association	ICMA
http://www.wikidata.org/entity/Q1636672	Professional Society	International Cultivar Registration Authority	ICRA
http://www.wikidata.org/entity/Q45132513	Professional Society	International Marine Animal Trainers' Association	IMATA
http://www.wikidata.org/entity/Q1666905	Professional Society	International Society for Knowledge Organization	ISKO
http://www.wikidata.org/entity/Q45135077	Professional Society	International Society of Oncology Pharmacy Practitioners	ISOPP
http://www.wikidata.org/entity/Q45135216	Professional Society	International Society of Regulatory Toxicology and Pharmacology	International Society of Regulatory Toxicology & Pharmacology;ISRTP
http://www.wikidata.org/entity/Q45135303	Professional Society	International Society of Ultrasound in Obstetrics and Gynecology	ISUOG
http://www.wikidata.org/entity/Q139020	Professional Society	International Statistical Institute	ISI;Institut International de Statistique
http://www.wikidata.org/entity/Q45137801	Professional Society	Iowa Educational Research and Evaluation Association	IEREA;Iowa Educational Research & Evaluation Association
http://www.wikidata.org/entity/Q45131378	Professional Society	Japan Diabetes Society	JDS
http://www.wikidata.org/entity/Q102061223	Professional Society	Japan Medical Library Association	Nihon Igaku Toshokan Kyōkai
http://www.wikidata.org/entity/Q45137303	Professional Society	Korea Association of industry, Academy and Research institute	KAIARI
http://www.wikidata.org/entity/Q45132743	Professional Society	Leverhulme Centre for Integrative Research on Agriculture and Health	LCIRAH
http://www.wikidata.org/entity/Q56180306	Professional Society	Library Association	LA;LAUK;Library Association UK
http://www.wikidata.org/entity/Q109828941	Professional Society	Library Association of the Republic of China (Taiwan)	Zhonghua Minguo tu shu guan xue hui (Taipei, Taiwan)
http://www.wikidata.org/entity/Q45136753	Professional Society	Lung Association, Alberta and NWT	Lung Association, AB & NWT;Lung Association, Alberta & NWT
http://www.wikidata.org/entity/Q45131796	Professional Society	Malignant Hyperthermia Association of the United States	MHAUS
http://www.wikidata.org/entity/Q45137349	Professional Society	Maryland Vegetable Growers Association	MD Vegetable Growers Association;MVGA
http://www.wikidata.org/entity/Q94315506	Professional Society	Molecular Biology Association of Turkey	MBD;Moleküler Biyoloji Derneği
http://www.wikidata.org/entity/Q45134866	Professional Society	Multinational Association of Supportive Care in Cancer	MASCC
http://www.wikidata.org/entity/Q45133210	Professional Society	National Academy of Clinical Biochemistry	NACB
http://www.wikidata.org/entity/Q45135324	Professional Society	National Association of States United for Aging and Disabilities	NASUAD
http://www.wikidata.org/entity/Q45135299	Professional Society	National Resource Center on Nutrition and Aging	National Resource Center on Nutrition & Aging;NRCNA
http://www.wikidata.org/entity/Q45132445	Professional Society	Network for Oral and Bone Health Research	RSBO
http://www.wikidata.org/entity/Q45134967	Professional Society	New Hampshire Nurse Practitioner Association	NHNPA
http://www.wikidata.org/entity/Q96359338	Professional Society	New Mexico Society of Professional Engineers	NMSPE
http://www.wikidata.org/entity/Q45133186	Professional Society	New Zealand College of Clinical Psychologists	NZCCP
http://www.wikidata.org/entity/Q45133589	Professional Society	New Zealand Feijoa Growers Association	NZ Feijoa Growers Association
http://www.wikidata.org/entity/Q45134109	Professional Society	New Zealand Psychological Society	N.Z. Psychological Society;New Zealand Psychological Society;NZ Psychological Society;NZPsS
http://www.wikidata.org/entity/Q109555282	Professional Society	New Zealand Society of Animal Production	NZSAP
http://www.wikidata.org/entity/Q45134167	Professional Society	New Zealand Technology Industry Association	New Zealand Technology Industry Association Inc.;NZTech
http://www.wikidata.org/entity/Q45134297	Professional Society	New Zealand Winegrowers	NZ Winegrowers
http://www.wikidata.org/entity/Q2366142	Professional Society	Paris Psychoanalytic Society	Société psychanalytique de Paris
http://www.wikidata.org/entity/Q45134732	Professional Society	Pediatric Glaucoma and Cataract Family Association	Pediatric Glaucoma & Cataract Family Association;PGCFA
http://www.wikidata.org/entity/Q45135429	Professional Society	Pelvic, Obstetric and Gynaecological Physiotherapy	Pelvic, Obstetric & Gynaecological Physiotherapy;POGP
http://www.wikidata.org/entity/Q45136776	Professional Society	Princeton Society of Fellows in the Liberal Arts	Society of Fellows in the Liberal Arts
http://www.wikidata.org/entity/Q45137021	Professional Society	Reflex Sympathetic Dystrophy Syndrome Association	RSDSA
http://www.wikidata.org/entity/Q45136397	Professional Society	Reumatikerdistriktet i Göteborg	Göteborg Association against Rheumatism
http://www.wikidata.org/entity/Q45133788	Professional Society	Royal College of Nursing, Australia	RCNA
http://www.wikidata.org/entity/Q45136133	Professional Society	SFN-French Nutrition Society	SFN;French Nutrition Society
http://www.wikidata.org/entity/Q45137648	Professional Society	Sanad Children's Cancer Support Association	Sanad Charitable Association
http://www.wikidata.org/entity/Q7446610	Professional Society	Seicap	Sociedad Española de Inmunología Clínica,Alergología y Asma Pediátrica
http://www.wikidata.org/entity/Q30265715	Professional Society	Society for Endocrinology, Metabolism and Diabetes of South Africa	SEMDSA
http://www.wikidata.org/entity/Q45135319	Professional Society	Society for General Psychology	Division 1;APA Division 1: Society for General Psychology
http://www.wikidata.org/entity/Q6053320	Professional Society	Society for Immunotherapy of Cancer	SITC;International Society for Biological Therapy of Cancer
http://www.wikidata.org/entity/Q45135878	Professional Society	Society for Male Reproduction and Urology	SMRU
http://www.wikidata.org/entity/Q45136657	Professional Society	Society for Redox Biology and Medicine	SfRBM
http://www.wikidata.org/entity/Q45136906	Professional Society	Society for Research and Education in Primary Care Internal Medicine	SREPCIM
http://www.wikidata.org/entity/Q45133339	Professional Society	Society of Counseling Psychology	Division 17;Division 17: Society of Counseling Psychology;Society of Counseling Psychology, Division 17
http://www.wikidata.org/entity/Q45133718	Professional Society	Society of Forensic Toxicologists	Society of Forensic Toxicologists, Inc.
http://www.wikidata.org/entity/Q45134447	Professional Society	Society of Memorial Sloan Kettering	Society of MSK
http://www.wikidata.org/entity/Q45134523	Professional Society	Society of Obstetric Medicine of Australia and New Zealand	SOMANZ
http://www.wikidata.org/entity/Q45135011	Professional Society	Society of Toxicology of Canada	Society of Toxicology of Canada Inc.
http://www.wikidata.org/entity/Q7552685	Professional Society	Society of Women Artists	Society of Female Artists;Society of Lady Artists
http://www.wikidata.org/entity/Q45132552	Professional Society	South African Society of Otorhinolaryngology Head and Neck Surgery	South African Society of Otorhinolaryngology Head & Neck Surgery
http://www.wikidata.org/entity/Q107210048	Professional Society	Sport & Exercise Medicine Switzerland	Schweizerische Gesellschaft für Sportmedizin
http://www.wikidata.org/entity/Q18217272	Professional Society	Statistical and Social Inquiry Society of Ireland	Dublin Statistical Society
http://www.wikidata.org/entity/Q10478851	Professional Society	The European Society for Medical Oncology	ESMO
http://www.wikidata.org/entity/Q93493287	Professional Society	The International Association of Forensic Toxicologists	International Association of Forensic Toxicologists;TIAFT
http://www.wikidata.org/entity/Q45133693	Professional Society	Turkish Pediatric Endocrinology and Diabetes Society	Pediatric Endocrinology and Diabetes Society
http://www.wikidata.org/entity/Q107361362	Professional Society	Universal Alliance of Diamond Workers	Alliance Universelle des Ouvriers Diamantaires;Diamond Workers' Universal Alliance;UADW (Universal Alliance of Diamond Workers);Weltverband der Diamantarbeiter;Wereldverbond van Diamandbewerkers
http://www.wikidata.org/entity/Q45135186	Professional Society	Uttarakhand State Opthalmological Society	UKSOS
http://www.wikidata.org/entity/Q107088230	Professional Society	Vereinigung der Leitenden Angestellten	Reichsverband der Wirtschaftsleiter;Vela (Vereinigung der leitenden Angestellten)
http://www.wikidata.org/entity/Q45137243	Professional Society	Virginia Veterinary Medical Association	VVMA
http://www.wikidata.org/entity/Q45133610	Professional Society	Watershed Watch Salmon Society	Watershed Watch
http://www.wikidata.org/entity/Q45137318	Professional Society	Western Association of Women Historians	WAWH
http://www.wikidata.org/entity/Q45134139	Professional Society	Wild Sheep Society of British Columbia	Wild Sheep Society of BC;WSSBC
http://www.wikidata.org/entity/Q45137635	Professional Society	Wisconsin Potato and Vegetable Growers Association	WPVGA
http://www.wikidata.org/entity/Q45134491	Professional Society	World Association for Infant Mental Health	WAIMH
http://www.wikidata.org/entity/Q45135351	Professional Society	World Pediatric Stroke Association	WPSA
http://www.wikidata.org/entity/Q414147	Professional Society	academy of sciences	scientific academy
http://www.wikidata.org/entity/Q77081150	Professional Society	archaeological society	archaeology society
http://www.wikidata.org/entity/Q10729872	Professional Society	medical association	medical college;medical society;medical societies;health society;health association;health associations;health societies;medical associations;medical council
http://www.wikidata.org/entity/Q19869268	Professional Society	medical society	medical societies;societies, medical
