item	type	itemLabel	labels
http://www.wikidata.org/entity/Q30266822	Academia of Science	Academia Nacional de Ciencias de Bolivia	Academia Nacional de Ciencias de Bolivia;ANCB;Bolivian National Academy of Sciences;National Academy of Sciences (Bolivia)
http://www.wikidata.org/entity/Q337266	Academia of Science	Academia Sinica	Central Research Academy
http://www.wikidata.org/entity/Q414403	Academia of Science	Academy of Athens	Academy of Sciences, Humanities and Fine Arts;Akadimía Athinón
http://www.wikidata.org/entity/Q2822400	Academia of Science	Academy of Natural Sciences of Drexel University	Academy of Natural Sciences of Philadelphia;Academy of Natural Sciences
http://www.wikidata.org/entity/Q4671528	Academia of Science	Academy of Science of South Africa	ASSAf;South African Academy of Science
http://www.wikidata.org/entity/Q1474287	Academia of Science	Academy of Sciences of Albania	Akademia e Shkencave e Shqiperise
http://www.wikidata.org/entity/Q1338761	Academia of Science	Academy of Sciences of Moldova	ASM;Academia de Științe a Moldovei
http://www.wikidata.org/entity/Q16143303	Academia of Science	Academy of Sciences of Mozambique	ACM;Academia de Ciências de Moçambique
http://www.wikidata.org/entity/Q49738	Academia of Science	Academy of Sciences of the GDR	Academy of Sciences of the German Democratic Republic;AdW
http://www.wikidata.org/entity/Q4671532	Academia of Science	Academy of Sciences of the Institute of Bologna	Academy of Sciences of Bologna Institute
http://www.wikidata.org/entity/Q2370801	Academia of Science	Academy of Sciences of the USSR	USSR Academy of Sciences
http://www.wikidata.org/entity/Q30284405	Academia of Science	Academy of Scientific Research and Technology	ASRT
http://www.wikidata.org/entity/Q2822359	Academia of Science	Académie de Physique de Caen	Academie de Physique
http://www.wikidata.org/entity/Q3603946	Academia of Science	Accademia Nazionale delle Scienze detta dei XL	Accademia dei Quaranta;Accademia dei XL;Accademia delle Scienze detta dei XL;Accademia Nazionale dei XL;Accademia Nazionale delle Scienze
http://www.wikidata.org/entity/Q3603948	Academia of Science	Accademia Roveretana degli Agiati	Accademia degli Agiati
http://www.wikidata.org/entity/Q2822654	Academia of Science	Accademia dei Fisiocritici	Accademia delle scienze di Siena
http://www.wikidata.org/entity/Q338489	Academia of Science	Accademia della Crusca	Academy of the bran;Villa Medicea di Castello
http://www.wikidata.org/entity/Q4689656	Academia of Science	African Academy of Sciences	AAS
http://www.wikidata.org/entity/Q21404570	Academia of Science	Agder Academy of Sciences and Letters	AVA;Agder Vitenskapsakademi
http://www.wikidata.org/entity/Q92309223	Academia of Science	Agricultural Academy	SAA;National Centre for Agrarian Science
http://www.wikidata.org/entity/Q4703031	Academia of Science	Al-Nizamiyya of Baghdad	al-madrasa al-nizamiyya;al-madrasah al-nizamiyyah;Nizamiyya of Baghdad
http://www.wikidata.org/entity/Q463281	Academia of Science	American Academy of Arts and Letters	National Institute of Arts and Letters prize
http://www.wikidata.org/entity/Q299015	Academia of Science	Austrian Academy of Sciences	Österreichische Akademie der Wissenschaften;Vienna Academy of Sciences;Austrian academy of sciences;Imperial Academy of Sciences in Vienna;ÖAW;Österreichische Academie der Wissenschaften;Osterreichische Akademie der Wissenschaften
http://www.wikidata.org/entity/Q129207	Academia of Science	Azerbaijan National Academy of Sciences	National Academy of Sciences of Azerbaijan
http://www.wikidata.org/entity/Q219989	Academia of Science	Berlin-Brandenburg Academy of Sciences and Humanities	BBAW
http://www.wikidata.org/entity/Q2497232	Academia of Science	Brazilian Academy of Sciences	ABC;Academia Brasileira de Ciências
http://www.wikidata.org/entity/Q4671079	Academia of Science	Brazilian National Academy of Medicine	Academia Nacional de Medicina;ANM
http://www.wikidata.org/entity/Q1003730	Academia of Science	Bulgarian Academy of Sciences	BAS;BASS;Balgarska Akademiya na Naukite;Bulgarian Academy of Sciences，簡稱：BAS
http://www.wikidata.org/entity/Q106623105	Academia of Science	Business Magnate Society	Business Magnate Society of London, BM Society
http://www.wikidata.org/entity/Q965731	Academia of Science	California Academy of Sciences	CAS;Academy of Sciences;Cal Academy
http://www.wikidata.org/entity/Q66023831	Academia of Science	Cameroon Academy of Young Scientists	CAYS
http://www.wikidata.org/entity/Q530471	Academia of Science	Chinese Academy of Sciences	CAS
http://www.wikidata.org/entity/Q1073828	Academia of Science	Chinese Academy of Social Sciences	CASS
http://www.wikidata.org/entity/Q30889041	Academia of Science	Commission of the Geological exploration of the USSR	Commission on the Geological Knowledge ang Geological Study of the USSR
http://www.wikidata.org/entity/Q1264085	Academia of Science	Croatian Academy of Sciences and Arts	Hrvatska akademija znanosti i umjetnosti;Yugoslav Academy of Sciences and Arts
http://www.wikidata.org/entity/Q1648961	Academia of Science	Czech Academy of Science and Art	Česká akademie císaře Františka Josefa pro vědy, slovesnost a umění
http://www.wikidata.org/entity/Q374686	Academia of Science	Czech Academy of Sciences	CAS;Academy of Sciences of the Czech Republic;Akademie věd České republiky
http://www.wikidata.org/entity/Q4339446	Academia of Science	Department of Earth Sciences RAS	Department of Geological and Geographical Sciences of the AS USSR;Russian Academy of Sciences Earth Sciences Division
http://www.wikidata.org/entity/Q1713320	Academia of Science	Die Junge Akademie	Junge Akademie
http://www.wikidata.org/entity/Q1370215	Academia of Science	Estonian Academy of Sciences	Eesti Teaduste Akadeemia
http://www.wikidata.org/entity/Q63107940	Academia of Science	Ethiopian Academy of Sciences	EAS
http://www.wikidata.org/entity/Q4154230	Academia of Science	Far Eastern Branch of the Russian Academy of Sciences	Far East Branch of the Russian Academy of Sciences;FEB RAS
http://www.wikidata.org/entity/Q666410	Academia of Science	Finnish Academy of Science and Letters	Academia Scientiarum Fennica;Finnish Academy of Science;Suomalainen Tiedeakatemia
http://www.wikidata.org/entity/Q188771	Academia of Science	French Academy of Sciences	Academie des sciences;Académie des sciences;Academie des Sciences de l'Institut de France
http://www.wikidata.org/entity/Q1089047	Academia of Science	Galileiana Academy of Arts and Science	Accademia Galileiana
http://www.wikidata.org/entity/Q538954	Academia of Science	Georgian National Academy of Sciences	Georgian Academy of Sciences;Georgian SSR Academy of Sciences;Sakartvelos Mecnierebata Erovnuli Akademia
http://www.wikidata.org/entity/Q1202021	Academia of Science	German Academy of Science and Engineering	Acatech
http://www.wikidata.org/entity/Q543804	Academia of Science	German Academy of Sciences Leopoldina	Leopoldina;Academia Naturae Curiosorum;Academy of Sciences Leopoldina;Academy of the Curious as to Nature;Deutsche Akademie der Naturforscher Leopoldina
http://www.wikidata.org/entity/Q5570796	Academia of Science	Global Young Academy	GYA
http://www.wikidata.org/entity/Q414188	Academia of Science	Göttingen Academy of Sciences	Göttinger Gesellschaft der Wissenschaften
http://www.wikidata.org/entity/Q265058	Academia of Science	Hungarian Academy of Sciences	MTA;Magyar Tudományos Akadémia;Magyar Tudomanyos Akademia
http://www.wikidata.org/entity/Q43895354	Academia of Science	Illinois State Academy of Science	ISAS
http://www.wikidata.org/entity/Q2095533	Academia of Science	Indian Academy of Sciences	IAS
http://www.wikidata.org/entity/Q12471191	Academia of Science	Indonesian Academy of Sciences	AIPI
http://www.wikidata.org/entity/Q96657311	Academia of Science	Institute of Geological Sciences USSR Academy of Sciences	Institute of Geological Sciences AS USSR
http://www.wikidata.org/entity/Q107640304	Academia of Science	International Academy of Law and Mental Health	IALMH
http://www.wikidata.org/entity/Q129516	Academia of Science	International Academy of Sciences San Marino	AIS;Akademio Internacia de la Sciencoj San Marino
http://www.wikidata.org/entity/Q66099283	Academia of Science	International Eurasian Academy of Sciences	IEAS
http://www.wikidata.org/entity/Q1689928	Academia of Science	Joachim-Jungius Society of Sciences	Joachim-Jungius-Gesellschaft der Wissenschaften
http://www.wikidata.org/entity/Q4288062	Academia of Science	Joint Supercomputer Center of the Russian Academy of Sciences	MSC RAS
http://www.wikidata.org/entity/Q86834112	Academia of Science	Kenya National Academy of Sciences	KNAS
http://www.wikidata.org/entity/Q76309771	Academia of Science	Kenya National Young Academy of Sciences	KNYAS
http://www.wikidata.org/entity/Q2681284	Academia of Science	Koninklijk Zeeuwsch Genootschap der Wetenschappen	KZGW;Royal Zeeland Scientific Society
http://www.wikidata.org/entity/Q2152308	Academia of Science	Koninklijke Hollandsche Maatschappij der Wetenschappen	Royal Holland Society of Sciences and Humanities
http://www.wikidata.org/entity/Q1615464	Academia of Science	Latvian Academy of Sciences	Zinātņu akadēmija
http://www.wikidata.org/entity/Q338432	Academia of Science	Lincean Academy	Accademia dei Lincei;Accademia Nazionale dei Lincei
http://www.wikidata.org/entity/Q1865003	Academia of Science	Lithuanian Academy of Sciences	Lietuvos mokslų akademija;Lietuvos TSR Mokslų akademija;Lithuanian SSR Academy of Sciences
http://www.wikidata.org/entity/Q3803773	Academia of Science	Lombard Institute Academy of Science and Letters	Lombard Institute;Lombard Institute of Science and Letters;Lombard Institute of Sciences and Letters
http://www.wikidata.org/entity/Q2466285	Academia of Science	Macedonian Academy of Sciences and Arts	MANU
http://www.wikidata.org/entity/Q820551	Academia of Science	Mexican Academy of Sciences	AMC;Academia Mexicana de Ciencias
http://www.wikidata.org/entity/Q3233780	Academia of Science	National Academies of Sciences, Engineering, and Medicine	NASEM;The Academies;The National Academies of Sciences, Engineering and Medicine of the United States of America;The National Academies of Sciences, Engineering, and Medicine;The U.S. National Academies of Sciences, Engineering, and Medicine;U.S. National Academies;United States National Academies
http://www.wikidata.org/entity/Q4314793	Academia of Science	National Academy of  Agrarian Sciences of Ukraine	Nat︠s︡ionalʹna akademii︠a︡ ahrarnykh nauk Ukraïny
http://www.wikidata.org/entity/Q270794	Academia of Science	National Academy of Sciences	NAS;nasonline.org/;United States National Academy of Sciences;US National Academy of Sciences;USNAS
http://www.wikidata.org/entity/Q2379496	Academia of Science	National Academy of Sciences of Armenia	National Academy of Sciences of the Republic of Armenia;Armenian National Academy of Sciences;NAS RA
http://www.wikidata.org/entity/Q1967977	Academia of Science	National Academy of Sciences of Belarus	NASB
http://www.wikidata.org/entity/Q958769	Academia of Science	National Academy of Sciences of Ukraine	UAN;Academy of Sciences of the Ukrainian SSR;Academy of Sciences of Ukraine;All-Ukrainian Academy of Sciences;NAN Ukraine;NANU;NASU;Natsional’na akademiya nauk Ukrayiny;Ukrainian Academy of Sciences;VUAN
http://www.wikidata.org/entity/Q1340198	Academia of Science	National Research Council	NRC;U.S. National Research Council;United States National Research Council
http://www.wikidata.org/entity/Q15995346	Academia of Science	Nepal Academy of Science and Technology	NAST;RONAST;Royal Nepal Academy of Science and Technology
http://www.wikidata.org/entity/Q1432028	Academia of Science	Nezamiyeh	Nezamieh;Nezamiyye;Nezamiyyeh;Nizamiyya;Nizamiyyah
http://www.wikidata.org/entity/Q21015871	Academia of Science	Nigerian Academy of Science	NAS
http://www.wikidata.org/entity/Q1423356	Academia of Science	Norwegian Academy of Science and Letters	Det Norske Videnskaps-Akademi;DNVA
http://www.wikidata.org/entity/Q4567575	Academia of Science	Norwegian Academy of Technological Sciences	Norges Tekniske Vitenskapsakademi
http://www.wikidata.org/entity/Q651690	Academia of Science	Polish Academy of Sciences	PAN;Polska Akademia Nauk
http://www.wikidata.org/entity/Q938622	Academia of Science	Pontifical Academy of Sciences	Pontificia Academia Scientiarum
http://www.wikidata.org/entity/Q2134665	Academia of Science	Real Academia Nacional de Medicina de España	Spanish Royal Academy of Medicine
http://www.wikidata.org/entity/Q901677	Academia of Science	Romanian Academy	Academia Română;Editura Academiei Române;Societatea Academică Romînă;Societatea Literară Română
http://www.wikidata.org/entity/Q2895433	Academia of Science	Royal Academy of Pharmacy	Real Academia Nacional de Farmacia
http://www.wikidata.org/entity/Q337580	Academia of Science	Royal Academy of Science, Letters and Fine Arts of Belgium	Thérésienne
http://www.wikidata.org/entity/Q1636237	Academia of Science	Royal Danish Academy of Sciences and Letters	KDVS;Kongelige Danske Videnskabernes Selskab;Royal Danish Academy of Sciences
http://www.wikidata.org/entity/Q1301699	Academia of Science	Royal Flemish Academy of Belgium for Science and the Arts	KVAB
http://www.wikidata.org/entity/Q110587	Academia of Science	Royal Irish Academy	Acadamh Ríoga na hÉireann
http://www.wikidata.org/entity/Q253439	Academia of Science	Royal Netherlands Academy of Arts and Sciences	KNAW;Koninklijke Nederlandse Akademie van Wetenschappen
http://www.wikidata.org/entity/Q1201052	Academia of Science	Royal Norwegian Society of Sciences and Letters	Det Kongelige Norske Videnskabers Selskabs Stiftelse;DKNVS
http://www.wikidata.org/entity/Q105945821	Academia of Science	Royal Norwegian Society of Sciences and Letters, Museum	DKNVS Museum
http://www.wikidata.org/entity/Q329464	Academia of Science	Royal Prussian Academy of Sciences	Königlich-Preußische Akademie der Wissenschaften;The Royal Prussian Academy of Sciences
http://www.wikidata.org/entity/Q123885	Academia of Science	Royal Society	Royal Society of London;The President, Council, and Fellows of the Royal Society of London for Improving Natural Knowledge;The Royal Society of London for Improving Natural Knowledge
http://www.wikidata.org/entity/Q835943	Academia of Science	Royal Society of Arts and Sciences in Gothenburg	Witterhets Klubben
http://www.wikidata.org/entity/Q94301	Academia of Science	Royal Society of Canada	RSC;The Royal Society of Canada;Societe royale du Canada;Société royale du Canada
http://www.wikidata.org/entity/Q117467	Academia of Science	Royal Society of Edinburgh	FRSE;The Royal Society of Edinburgh;Edinburgh Philosophical Institution;Philosophical Society of Edinburgh
http://www.wikidata.org/entity/Q268363	Academia of Science	Royal Society of New South Wales	Australian Philosophical Society;Philosophical Society of Australasia;Philosophical Society of New South Wales;Royal Society of NSW
http://www.wikidata.org/entity/Q609093	Academia of Science	Royal Society of New Zealand	New Zealand Institute;Royal Society New Zealand;Royal Society of New Zealand Te Apārangi;Royal Society Te Apārangi
http://www.wikidata.org/entity/Q1792159	Academia of Science	Royal Swedish Academy of Letters, History and Antiquities	Kungliga Vitterhetsakademien;KVHAA
http://www.wikidata.org/entity/Q191583	Academia of Science	Royal Swedish Academy of Sciences	Kungliga Vetenskapsakademien
http://www.wikidata.org/entity/Q83172	Academia of Science	Russian Academy of Sciences	RAS;RAN;Rossíiskaya akadémiya naúk
http://www.wikidata.org/entity/Q4345832	Academia of Science	Saint Petersburg Academy of Sciences	St. Petersburg Academy of Sciences;The Saint Petersburg Academy of Sciences;The St. Petersburg Academy of Sciences
http://www.wikidata.org/entity/Q451079	Academia of Science	Saxon Academy of Sciences	Saxonian Academy of Sciences
http://www.wikidata.org/entity/Q1132636	Academia of Science	Serbian Academy of Sciences and Arts	SANU;Srpska Akademija Nauka i Umetnosti
http://www.wikidata.org/entity/Q1050317	Academia of Science	Slovak Academy of Sciences	Slovak Slovenská akadémia vied
http://www.wikidata.org/entity/Q266063	Academia of Science	Slovenian Academy of Sciences and Arts	SASA;SAZU;Slovenska akademija znanosti in umetnosti
http://www.wikidata.org/entity/Q427318	Academia of Science	Spanish Royal Academy of Sciences	RACEFN
http://www.wikidata.org/entity/Q76314428	Academia of Science	Sri Lanka Academy of Young Scientists	SLAYS
http://www.wikidata.org/entity/Q2256437	Academia of Science	Swiss Academy of Engineering Sciences	Academie suisse des sciences techniques
http://www.wikidata.org/entity/Q599320	Academia of Science	Swiss Academy of Humanities and Social Sciences	SAGW
http://www.wikidata.org/entity/Q414104	Academia of Science	Swiss Academy of Sciences	SCNAT
http://www.wikidata.org/entity/Q72275756	Academia of Science	Tanzania Academy of Sciences	TAAS
http://www.wikidata.org/entity/Q22098794	Academia of Science	The Academy of Sciences of Hong Kong	Hong Kong Academy of Sciences
http://www.wikidata.org/entity/Q7753141	Academia of Science	The National Academy of Sciences, India	National Academy of Sciences, India. Science Letters;National Academy Science letters;Science Letters of the National Academy of Sciences, India
http://www.wikidata.org/entity/Q1339384	Academia of Science	The Royal Academies for Science and the Arts of Belgium	RASAB;Royal Academies for Science and the Arts of Belgium
http://www.wikidata.org/entity/Q17512817	Academia of Science	The Science Academy	Science Academy
http://www.wikidata.org/entity/Q337352	Academia of Science	The World Academy of Sciences	The World Academy of Sciences for the advancement of science in developing countries;Third World Academy of Sciences;TWAS
http://www.wikidata.org/entity/Q908459	Academia of Science	Turkish Academy of Sciences	Türkiye Bilimler Akademisi
http://www.wikidata.org/entity/Q1493021	Academia of Science	US National Academy of Engineering	NAE
http://www.wikidata.org/entity/Q1962532	Academia of Science	USSR Academy of Medical Sciences	USSR Academy of Medical Sciences
http://www.wikidata.org/entity/Q1662834	Academia of Science	Union of German Academies of Sciences and Humanities	Akademienunion;Union of the German Academies of Sciences and Humanities
http://www.wikidata.org/entity/Q472795	Academia of Science	VASKhNIL	Academy of Agricultural Science of the USSR;Soviet Academy of Agricultural Science
http://www.wikidata.org/entity/Q51886102	Academia of Science	Vermont Academy of Science and Engineering	VASE
http://www.wikidata.org/entity/Q103838594	Academia of Science	Washington State Academy of Sciences	WSAS
