{
	"Fach": ["vocal specialization"],
	"Roman agnomen": ["agnomen"],
	"Roman cognomen": ["cognomen"],
	"Roman nomen gentilicium": ["nomen gentilicium"],
	"Roman praenomen": ["praenomen"],
	"academic degree": ["degree", "diploma", "academic diploma"],
	"academic major": ["academic field", "subject", "major", "field of study", "academic subject", "studied"],
	"academic thesis": ["B.A. thesis", "B.S. thesis", "masters thesis", "undergraduate thesis", "dissertation", "thesis", "PhD thesis", "master's thesis", "doctoral dissertation", "Ph.D. thesis", "bachelor thesis", "Ph. D. thesis", "bachelor's thesis", "A.B. thesis"],
	"acquisition transaction": ["loan", "contract status"],
	"ancestral home": ["ancestral village", "native place", "native village"],
	"art-name": ["art name", "hao"],
	"astronaut mission": ["cosmonaut mission"],
	"audio recording of the subject's spoken voice": ["audio clip", "recording of the subject's spoken voice", "speaking voice", "spoken voice", "voice recording"],
	"author": ["writer", "authors", "creator", "written by", "by", "writers", "author(s)", "writer(s)"],
	"birth name": ["name at birth", "bn", "nee", "née", "birthname", "bname", "born as", "full birth name", "full name at birth", "maiden name (female)"],
	"blood type": ["blood group"],
	"canonization status": ["canonisation status", "sainthood status"],
	"coach of sports team": ["coach of sports team", "goalie coach of", "head coach of", "manager of", "manager of sports team", "senior coach of", "senior coach of sports team", "team manager of", "team manager of sports team", "trainer of", "trainer of sports team", "club manager of", "club manager of sports team", "co-manager of", "coach of", "coach of sports club"],
	"conflict": ["engagement", "military engagement", "in action", "in conflict", "participant in conflict", "participated in conflict", "theater (military)", "theatre (military)", "battle", "war", "military conflict"],
	"consecrator": ["consecrated by", "has consecrator", "has ordainer", "ordained by", "ordainer"],
	"contributed to creative work": ["contributor", "collaborator on", "contributed to", "contributor to"],
	"copyright representative": ["performance rights organization"],
	"country of citizenship": ["citizenship", "(legal) nationality", "citizen of", "national of", "subject of (country)"],
	"courtesy name": ["courtesy name", "style name", "zi"],
	"dan/kyu rank": ["renju rank", "shogi rank", "wushu rank", "go rank", "judo rank", "kendo rank"],
	"date of birth": ["DOB", "birth date", "birth year", "birthdate", "birthyear", "born on", "year of birth"],
	"date of death": ["DOD", "dead", "death", "death date", "died on", "year of death", "date of the end", "deathdate"],
	"defender": ["attorney", "lawyers", "defense attorney", "defence team", "defense team"],
	"departure transaction": ["release transaction"],
	"diaspora": ["diaspora of", "part of diaspora"],
	"diplomatic mission sent": ["embassy", "resident mission"],
	"discography": ["discography link", "recording catalog"],
	"doctoral advisor": ["doctoral supervisor", "supervisor", "advisor", "promotor", "PhD supervisor", "doctoral student of", "PhD advisor"],
	"doctoral student": ["doctoral candidate", "supervised doctoral student", "supervisee"],
	"educated at": ["alma mater", "alumna of", "alumni of", "alumnus of", "attended", "attended school at", "college attended", "education place", "graduate of", "graduated from", "place of education", "school attended", "schooled at", "schooling place", "studied at", "university attended", "went to school at", "faculty", "education"],
	"electoral district": ["constituency", "seat", "electorate", "riding", "ward", "electoral area"],
	"employer": ["organization", "organisation", "employed by", "worked at", "worked for", "working at", "working for", "working place", "works at", "works for"],
	"ethnic group": ["ethnicity", "culture", "(cultural) nationality", "people", "race"],
	"exhibition history": ["salon", "displayed at", "exhibited at", "shown", "shown at"],
	"eye color": ["eyes", "eye colour", "eyecolor", "eyecolour"],
	"facial hair": ["beard", "mustache", "moustache", "face hair"],
	"family": ["dynasty", "house", "noble family", "royal house"],
	"filmography": ["list of films about the person", "list of films the person contributed to", "list of films with the person"],
	"footedness": ["stance", "board stance", "dominant foot", "skateboarding stance", "skating stance", "snowboarding stance"],
	"genre": ["genre of music", "type of film", "artistic genre", "type of music", "literary genre", "music genre", "film genre", "kind of music"],
	"given name": ["name", "Christian name", "first name", "forename", "middle name", "personal name"],
	"had as last meal": ["last meal"],
	"hair color": ["color of hair", "colour of hair", "hair colour", "haircolour"],
	"hairstyle": ["haircut", "coiffure", "hair do", "hair styling", "hairdo", "'do", "hair cut"],
	"handedness": ["dominant hand"],
	"has pet": ["pet", "keeps pet", "owns pet"],
	"honorific prefix": ["honorific title", "referred to as", "called", "pre-nominal", "style prefix"],
	"honorific suffix": ["honourific suffix", "post-nominal", "postnominal", "style suffix"],
	"influenced by": ["role model", "favorite player", "has influence", "informed by"],
	"inspired by": ["inspiration", "source of inspiration"],
	"instrument": ["musical instrument", "instrument played", "plays", "instrument taught", "player of", "plays instrument", "teaches instrument"],
	"interested in": ["field of research", "field of study", "area of research", "field of interest", "interests", "lobbies for", "research area", "research interests", "research topic", "vested interest"],
	"languages spoken, written or signed": ["language", "used language", "language used", "language spoken", "language written", "language of expression", "language read", "language signed", "language(s) spoken, written or signed", "languages of expression", "languages signed", "languages spoken", "languages spoken, written, or signed", "signed language", "signs language", "speaks language", "spoke language", "uses language", "writes language", "wrote language"],
	"last words": ["final words"],
	"lifestyle": ["diet", "follows lifestyle", "has lifestyle"],
	"list of works": ["bibliography", "catalog of works", "catalogue of works"],
	"manner of death": ["circumstance of death", "death manner", "death type", "type of death", "nature of death"],
	"mass": ["weight", "displacement", "molecular mass", "molecular weight"],
	"medical condition": ["disease", "condition", "disorder", "illness", "sickness", "disability", "ailment", "health condition", "health issue", "health problem", "paralympic disability", "suffer from", "suffers from"],
	"member of political party": ["political party", "party", "member of", "member of party", "party membership", "political party member"],
	"member of sports team": ["club played for", "member of team", "of team", "part of team", "played for", "plays for", "team played for", "teams played for", "sport team", "team", "player of"],
	"member of the deme": ["deme", "of the deme"],
	"military rank": ["rank", "naval rank"],
	"mount": ["horse", "steed"],
	"movement": ["philosophical movement", "literary movement", "music scene", "artistic school", "trend", "scientific movement", "art movement", "artistic movement", "school"],
	"name": ["label", "aka", "also known as", "known as", "be known as", "be referred as", "referred to as"],
	"name in hiero markup": ["hiero", "Wikihiero"],
	"name in native language": ["native name"],
	"native language": ["first language", "L1 speaker of", "language native", "mother tongue"],
	"net worth": ["wealth", "declared patrimony", "estimated net worth", "net wealth", "net worth estimate", "personal assets", "personal fortune"],
	"nickname": ["epithet", "aka", "also known as", "fan-name", "fanname", "informal name", "moniker", "sobriquet"],
	"noble title": ["title of nobility", "peerage", "nobility title", "royal title", "hereditary title", "royal and noble ranks", "title (hereditary)"],
	"notable work": ["works", "significance", "famous books", "famous for", "famous works", "known for", "literary works", "major works", "notable books", "representative of artwork type", "representative work", "significant works", "they created", "they designed", "they discovered", "they invented", "they wrote", "work", "artwork", "bibliography", "creator of"],
	"occupation": ["job", "career", "employ", "employment", "craft", "profession", "work"],
	"officeholder": ["office holder", "incumbent", "noble title holder", "position holder"],
	"official website": ["home page", "home page (official)", "homepage", "homepage (official)", "official homepage", "official page", "official site", "official URL", "official web site", "site (official)", "site official", "URL (official)", "url official", "web address", "website (official)", "website official", "www site (official)", "website", "site", "web site"],
	"organization directed by the office or position": ["heads", "runs", "leads", "directs", "head of", "leader of", "organization directed from the office", "organization led from the office or person"],
	"participant in": ["competed in", "competes in", "participant of", "participant of event", "participated in", "present at", "takes part", "took part", "took part in"],
	"partner in business or sport": ["business partner", "collaborator", "colleague", "partner in business", "partner in sports", "partnered with", "partnership with", "professional partner", "sport partner", "sports partner", "team mate", "team-mate", "work partner", "writing partner"],
	"penalty": ["sentence", "judicial sentence"],
	"performer": ["singer", "actor", "actress", "artist", "musician", "dancer", "musical artist", "performed by", "played by", "portrayed by", "recorded by", "recording by", "sung by"],
	"personal library at": ["personal library held at", "personal library held by", "personal library located at"],
	"personal pronoun": ["gender pronoun", "personal gender pronoun", "personal pronouns", "preferred gender pronoun", "preferred pronoun", "pronoun", "pronouns"],
	"place of birth": ["birth location", "birthplace", "location of birth", "POB", "birth city", "birth place", "born at", "born in", "location born"],
	"place of death": ["POD", "deathplace", "location of death", "death location", "death place", "died in", "killed in"],
	"place of origin (Switzerland)": ["Bürgerort", "Heimatort", "lieu d'origine", "luogo d'origine"],
	"position held": ["held position", "holds position", "office held", "political office held", "political seat", "position occupied", "public office", "function"],
	"position played on team / speciality": ["specialism", "speciality", "fielding position", "player position", "position (on team)"],
	"professorship": ["professorship position", "chair", "endowed professorship", "named chair", "named professorship", "endowed chair"],
	"proved by": ["author of proof", "proof by", "proven by"],
	"proxy": ["viceroy", "regent"],
	"pseudonym": ["pen name", "alias", "code name", "heteronym", "known professionally as", "nom de plume", "nom-de-amore", "nom-de-guerre", "nom-de-plume", "nome de guerre", "ring name", "stage name", "user name"],
	"record label": ["label"],
	"religion": ["faith", "denomination", "follower of religion", "follows religion", "has religion", "life stance", "religious affiliation"],
	"religion or world view": ["philosophical position"],
	"religious name": ["monastic name", "name in religion"],
	"represented by": ["agent", "manager", "talent agency", "rep", "managed by", "managing agent", "representative"],
	"second family name in Spanish name": ["Maternal family name", "maternal surname", "second Spanish name", "second surname in Spanish name", "Spanish maternal name", "Spanish mother's maiden name", "Spanish name", "Spanish second name"],
	"sex or gender": ["intersex", "male", "man", "woman", "sex", "female", "gender", "gender expression", "biological sex", "gender identity"],
	"sexual orientation": ["sexuality"],
	"short name": ["acronym", "abbreviation", "shortened name", "initialism", "abbrev", "abbreviated name", "brief name", "short title", "shortname"],
	"signature": ["autograph", "facsimiles", "signature image"],
	"social classification": ["social status", "social class"],
	"source of income": ["income source", "revenue source", "source of revenue"],
	"sport": ["play", "sports", "plays", "sport played"],
	"sports discipline competed in": ["sporting event", "sports event", "sport discipline", "sport event", "sports discipline", "discipline of sport", "event in sports", "sport discipline competed in", "sport disciplines competed in", "sports disciplines competed in"],
	"student": ["pupil", "pupils", "students", "disciples", "disciple", "teacher of", "teacher to"],
	"student of": ["professor", "supervisor", "teacher", "master", "advisor", "academic supervisor", "apprentice of", "degree advisor", "degree supervisor", "disciple of", "master's advisor", "master's supervisor", "master's thesis advisor", "mentor", "pupil of", "studied under", "thesis advisor", "tutor"],
	"term length of office": ["term length", "term of office"],
	"time in space": ["logged space hours", "space exposure"],
	"vehicle normally used": ["automobile used", "cars normally used", "drives this car", "motorcycle driven by subject", "trains normally used"],
	"voice type": ["register", "range of voice", "tessitura", "type of voice", "vocal type", "voice category"],
	"website account on": ["account on", "social media account on", "user account on"],
	"work location": ["location of work", "place of work", "work location", "work place", "workplace", "working at", "active in", "conducts business at", "conducts business in", "place of activity", "place of employment", "work area", "work residence"],
	"worshipped by": ["deity of"]
}

