{
"academic degree": ["academic degree","degree","diploma","academic diploma"],
"award received": ["award received","award won","awarded","awards received","honorary title","honors","honours","medals","prize awarded","prize received","recognition title","win","winner of","award","awards"],
"date of birth": ["date of birth","DOB","birth date","birth year","birthdate","birthyear","born on","year of birth"],
"date of death": ["date of death","DOD","dead","death","death date","died on","year of death","date of the end","deathdate"],
"field of work": ["field of work","academic discipline","subject","field of research","activity","field of study","discipline","FOW","scientific discipline","domain","research","area","trade","academic area","academic subject","activity domain","area of work","be researcher in","conduct research about","domain of activity","fields","research on","responsible for","scientific area","specialism","speciality","specialty","studies"],
"member of": ["member of","band member of","be member of","in musical group","member of musical group","membership"],
"native language": ["native language","first language","L1 speaker of","language native","mother tongue"],
"occupation": ["occupation","craft","profession","work","job","career","employ","employment"],
"religion": ["religion","faith","denomination","follower of religion","follows religion","has religion","life stance","religious affiliation"],
"writing language": ["writing language","language for writing","language of works","language of writings","language written","languages for writing","languages of works","languages of writings","languages written","writing languages"]
}
