id	type	heading	synonyms
Q169598	Coup	Honnō-ji Incident	Battle of Honno-ji;Betrayal at Honnō-ji;Betrayal of Nobunaga;Betrayal of Oda Nobunaga;Honnōji Incidenct;Honnoji Incident;Nobunaga's seppuku;Suicide of Oda Nobunaga
Q189508	Coup	Glorious Revolution	
Q193245	Coup	Carnation Revolution	
Q248033	Coup	Coup of 18 Fructidor	
Q248743	Coup	Züriputsch	
Q255006	Coup	Magnate conspiracy	Zrinski-Frankopan Conspiracy
Q389853	Coup	1973 Uruguayan coup d'état	Golpe de Estado en Uruguay de 1973
Q449436	Coup	November 1963 Iraqi coup d'état	
Q451046	Coup	Preußenschlag	
Q468823	Coup	March on Rome	1922 Naples–Rome march;Fascist March on Rome;Great March on Rome;Mussolini's march on Rome
Q485728	Coup	Coup d'état of May SCoupeenth	
Q487810	Coup	May 16 coup	
Q575347	Coup	King Michael's Coup	
Q593774	Coup	1953 Iranian coup d'état	28 Mordad coup;Iranian coup d'etat
Q606081	Coup	1989 Sudanese coup d'état	
Q618048	Coup	1944 Bulgarian coup d'état	Bulgarian coup d'état of 1944
Q620965	Coup	coup of 18 Brumaire	18 Brumaire;Eighteenth Brumaire;November 1799 French coup d'état
Q621827	Coup	2012 Guinea-Bissau coup d'état	
Q623641	Coup	Coup d'état of December Twelfth	
Q624181	Coup	First Princes' Rebellion	
Q624222	Coup	Second Princes' Rebellion	
Q641205	Coup	1941 Iraqi coup d'état	
Q713163	Coup	Kyūjō Incident	
Q720498	Coup	13 Vendémiaire	
Q732219	Coup	28 May 1926 coup d'état	29 May Revolution;Golpe de 28 de Maio de 1926;Movimento do 28 de Maio;National Revolution;Revolução de 28 de Maio de 1926;Revolução Nacional
Q760023	Coup	Goudi coup	
Q781029	Coup	Saint-Sylvestre coup d'état	
Q856670	Coup	1973 Chilean coup	1973 Chilean coup d'état;Chilean coup 1973;Chilean coup d'état 1973
Q860423	Coup	2006 Thai coup d'état	
Q862099	Coup	1993 Russian constitutional crisis	
Q873152	Coup	July Putsch	
Q875912	Coup	2012 Malian coup d'état	
Q916340	Coup	Jameson Raid	
Q924625	Coup	2010 Nigerien coup d'état	
Q931943	Coup	1971 Turkish military memorandum	12 Mart Muhtırası;1971 Turkish coup d'état
Q960894	Coup	1923 Bulgarian coup d'état	Bulgarian coup d'état of 1923
Q967981	Coup	1980 Surinamese coup d'état	
Q976887	Coup	Operation PBFortune	Golpe de Estado en Guatemala de 1954;Operation PBSUCCESS
Q1037676	Coup	Black May	
Q1041813	Coup	Manchu Restoration	
Q1046407	Coup	Incident at Gaoping Tombs	
Q1048684	Coup	Matsue Incident	Imperial Voluntary Army incident;Matsue Riot incident;Shimane Prefectural Office incendiarism
Q1048750	Coup	1976 Argentine coup d'état	1976 Argentine military coup;Golpe de Estado en Argentina de 1976
Q1049741	Coup	Beijing Coup	
Q1062771	Coup	Isshi Incident	
Q1073488	Coup	2009 Honduran coup d'état	
Q1077776	Coup	National Defence revolt	National Defence coup
Q1078181	Coup	1963 South Vietnamese coup	
Q1131857	Coup	Iranian Coups of 1921	1921 Persian coup d'état
Q1137957	Coup	1948 Czechoslovak coup d'état	Czech coup
Q1140690	Coup	May 1958 crisis	Algiers putsch;the coup of 13 May
Q1192865	Coup	Xuanwu Gate Incident	
Q1315743	Coup	1851 French coup d'état	French coup d'état of 1851;French coup of 1851
Q1525846	Coup	2012 Tuareg rebellion	Tuareg rebellion (2012)
Q1574076	Coup	Newburgh Conspiracy	Newburgh affair
Q1634613	Coup	1988 Maldives coup d'état	
Q1643006	Coup	30 September Movement	
Q1716388	Coup	Athenian coup of 411 BC	
Q1758028	Coup	1980 Turkish coup d'état	12 Eylül Darbesi
Q1760435	Coup	Coup d'état in Estonia (1934)	
Q1780431	Coup	Egyptian revolution of 1952	1952 Egyptian coup d'état;July 23 revolution
Q1787448	Coup	Pride's Purge	
Q1841884	Coup	Farce of Ávila	Farce of Avila
Q1851730	Coup	May Coup	1926 coup d'état in Poland;Polish Coup of 1926
Q1859259	Coup	1960 Turkish coup d'état	27 Mayıs Darbesi
Q1887247	Coup	Malet coup of 1812	
Q1995577	Coup	Nojeh Coup	
Q2069434	Coup	1974 Cypriot coup d'état	
Q2118311	Coup	Yugoslav coup d'état	
Q2119300	Coup	1957 Thai coup d'état	
Q2119303	Coup	1933 Siamese coup d'état	Siamese coup d'état of 1933
Q2119306	Coup	Siamese coup d'état of 1947	
Q2120252	Coup	Siamese revolution of 1932	
Q2282672	Coup	2008 Guinean coup d'état	
Q2325335	Coup	Coup of Kaiserswerth	
Q2334896	Coup	1809 Swedish coup d'état	
Q2352036	Coup	1999 Pakistani coup d'état	
Q2403418	Coup	May Coup	1903 Serbian coup d'état;May Overthrow
Q2436825	Coup	Spanish coup of July 1936	Golpe de Estado de julio de 1936
Q2465567	Coup	2008 Mauritanian coup d'état	
Q2475925	Coup	1963 Syrian coup d'état	
Q2567468	Coup	2006 Fijian coup d'état	
Q2570156	Coup	1926 Lithuanian coup d'état	
Q2578241	Coup	Ramadan Revolution	
Q2584397	Coup	3 September 1843 Revolution	
Q2605231	Coup	Algiers putsch of 1961	
Q2633177	Coup	Japanese coup d'état in French Indochina	Operation Bright Moon
Q2634783	Coup	Brazilian Revolution of 1930	Revolução de 1930
Q2840803	Coup	Government Junta of Chile	
Q2883469	Coup	2004 Haitian coup d'état	
Q2988530	Coup	1958 Iraqi coup d'état	14 July Revolution
Q2994789	Coup	Harem conspiracy	
Q2998924	Coup	1987 Fijian coups d'état	
Q2998925	Coup	Coup d'état of Yanaon	
Q2998926	Coup	1915 Portuguese coup d'état	1915 Revolt;May 14 Revolt
Q2998928	Coup	Coup of 30 Prairial Year VII	Coup d'État du 30 prairial an VII;Revenge of the Councils
Q2998931	Coup	Leonardopoulos–Gargalidis coup d'état attempt	
Q2998933	Coup	1935 Greek coup d'état attempt	
Q2998936	Coup	11 September 1922 Revolution	
Q2999015	Coup	1965 Algerian coup d'état	
Q3182543	Coup	1934 Latvian coup d'état	
Q3305494	Coup	1964 Gabon coup d'état	
Q3495710	Coup	2005 Mauritanian coup d'état	
Q3556320	Coup	Ecclesiastical coup	
Q3560385	Coup	1966 Syrian coup d'état	
Q3653895	Coup	1971 Ugandan coup d'état	
Q3798246	Coup	1958 Venezuelan coup d'état	
Q3891598	Coup	Siege of the Montaña barracks	Siege of Cuartel de la Montaña;Spanish coup of July 1936 in Madrid
Q4114548	Coup	1996 Nigerien coup d'état	
Q4114551	Coup	1958 Pakistani coup d'état	
Q4114552	Coup	Operation Fair Play	
Q4120226	Coup	17 July Revolution	
Q4120789	Coup	2000 Ecuadorian coup d'état	
Q4121073	Coup	Chilean naval mutiny of 1931	
Q4146911	Coup	1968 Malian coup d'état	
Q4146914	Coup	2011–2012 Maldives political crisis	
Q4156075	Coup	1762 coup d'état	
Q4230506	Coup	Conditions	
Q4231746	Coup	Ottoman countercoup of 1909	
Q4271747	Coup	Chadian coup of 1975	
Q4350095	Coup	1962 Burmese coup d'état	
Q4402025	Coup	1930 Argentine coup	September Revolucion
Q4462585	Coup	Coup of June 1907	Stolypin's Coup
Q4559693	Coup	1913 Ottoman coup d'état	Raid on the Sublime Porte
Q4561707	Coup	1925 Chilean coup d'état	
Q4563801	Coup	1936 Iraqi coup d'état	
Q4565209	Coup	1943 Argentine coup d'état	
Q4565608	Coup	1945 Venezuelan coup d'état	
Q4565977	Coup	1947 Coup Group	
Q4566363	Coup	1948 Venezuelan coup d'état	
Q4571089	Coup	1963 Dahomeyan coup d'état	
Q4571109	Coup	1963 Honduran coup d'état	
Q4571240	Coup	1963 Togolese coup d'état	
Q4571496	Coup	1964 Brazilian coup d'état	
Q4573051	Coup	Håtuna games	
Q4574675	Coup	1971 Sudanese coup d'état	
Q4575699	Coup	1973 Rwandan coup d'état	
Q4576634	Coup	1975 Honduran coup d'état	
Q4580321	Coup	1982 Bangladesh coup d'état	
Q4583594	Coup	1987 Burundian coup d'état	
Q4586873	Coup	1991 Haitian coup d'état	
Q4588556	Coup	1993 Guatemalan constitutional crisis	
Q4589458	Coup	1994 Gambian coup d'état	
Q4591257	Coup	1996 Burundian coup d'état	
Q4594811	Coup	1999 Ivorian coup d'état	
Q4597438	Coup	2000 Fijian coup d'état	
Q4919446	Coup	1970 Cambodian coup d'état	Cambodian coup of 1970
Q4996248	Coup	1934 Bulgarian coup d'état	Bulgarian coup d'état of 1934
Q5147882	Coup	1953 Colombian coup d'état	
Q5177978	Coup	Coup of Cao Mao	
Q5177982	Coup	Coup of the Volunteers	
Q5248943	Coup	December 1964 South Vietnamese coup	
Q5358176	Coup	Kusuko Incident	
Q5370122	Coup	Emboscada	
Q5403603	Coup	Ethiopian coup d'état of 1928	
Q5447987	Coup	Figueroa mutiny	
Q5492732	Coup	Cuban coup d'etat of 1933	Cuban Revolution of 1933
Q5558506	Coup	715 Incident	715 counter-revolutionary coup;Wuhan–Communist split
Q5882508	Coup	Coup d'état of Pavía	
Q5882533	Coup	1968 Panamanian coup d'état	
Q6312034	Coup	June 1988 Haitian coup d'état	
Q6312181	Coup	June 4th revolution in Ghana	
Q6407105	Coup	Songsuradet Rebellion	
Q6585263	Coup	1951 Thai coup d'état	
Q6585266	Coup	1991 Thai military coup	
Q6706220	Coup	Luxembourg Coup of 1856	
Q7097104	Coup	Operation Guitar Boy	
Q7302105	Coup	Rebellion of Cao Qin	
Q7318713	Coup	Revolution of October 8, 1812	
Q7428332	Coup	1912 Ottoman coup d'état	
Q7452125	Coup	September 1988 Haitian coup d'état	
Q8012976	Coup	Chenqiao Coup	Coup at Ch'en-ch'iao
Q8022766	Coup	Wilmington Insurrection of 1898	Wilmington coup of 1898;Wilmington massacre of 1898
Q8676049	Coup	1987 Tunisian coup d'état	1987 Tunisian coup d'etat
Q8964623	Coup	1952 Cuban coup d'état	
Q9108134	Coup	Xinyou Coup	
Q10511142	Coup	Revolution of 1772	
Q10893041	Coup	June 16 Incident	
Q10931943	Coup	Overthrow of the Hawaiian Kingdom	
Q11145439	Coup	Jingyuan Mutiny	
Q12613430	Coup	Injo coup	
Q12873749	Coup	Greek coup of 13 December 1967	
Q13019382	Coup	1971 Thai coup d'état	
Q13019383	Coup	1958 Thai coup d'état	
Q13019386	Coup	1976 Thai coup d'état	
Q13019387	Coup	Siamese coup d'état of 1948	
Q13534264	Coup	1967 Greek coup d'état	
Q13605743	Coup	2013 Egyptian coup d'état	3 Jul. 2013 Coup
Q14466700	Coup	1990 Surinamese coup d'état	
Q15733401	Coup	Revolution of Dignity	2013–14 Ukrainian Revolution;Maidan Revolution
Q15911691	Coup	Xiantian incident	
Q15935579	Coup	Mawei incident	
Q15941289	Coup	Shenlong Revolution	
Q16205928	Coup	1966 Nigerian coup d'etat	
Q16266489	Coup	1999 Nigerien coup d'état	
Q16329599	Coup	Pyjamas coup	
Q16639048	Coup	1967 Togolese coup d'état	
Q16822144	Coup	1992 Sierra Leonean coup d'état	
Q16908992	Coup	Nigerian Counter-Coup of 1966	
Q16914766	Coup	2014 Thai coup d'état	
Q17462627	Coup	1827 Honduran coup d'état	
Q17684684	Coup	2014 Lesotho political crisis	
Q18145759	Coup	2014–15 Yemeni coup d'état	September 21 Revolution
Q18214240	Coup	Operation Caban	1979 Central African Republic coup d'état
Q18399370	Coup	1975 Argentine coup attemp	Operation Blue Condor
Q18604542	Coup	1982 Upper Voltan coup d'état	
Q18604615	Coup	1980 Upper Voltan coup d'état	
Q18609298	Coup	1966 Upper Voltan coup d'état	
Q19601700	Coup	1989 Paraguayan coup d'etat	
Q19688873	Coup	Tragic Week	
Q19869957	Coup	1929 Tuvan coup d'état	
Q19870163	Coup	1961 Syrian coup d'état	
Q19955933	Coup	1991 Malian coup d'état	
Q20015279	Coup	1951 Argentina coup attemp	Operation National Reorganization
Q20744392	Coup	1993 Azeri coup d'état	
Q20977821	Coup	2015 Burkinabé coup d'état	
Q20977839	Coup	1979 Equatorial Guinea coup d'état	
Q20982123	Coup	1981 Central African Republic coup d'état	
Q21002917	Coup	1917 Costa Rican coup d'état	
Q21515053	Coup	1969 Sudanese coup d'état	
Q23038154	Coup	1976 Burundian coup d'état	
Q23540878	Coup	1983 Nigerian coup d'état	
Q24067273	Coup	Attack on Amsterdam	
Q24192103	Coup	1962 Argentine coup d'état	
Q24960281	Coup	1955 Argentine coup d'état	
Q25043351	Coup	1991 Lesotho coup d'état	
Q25043404	Coup	November 1966 Burundian coup d'état	
Q25043458	Coup	July 1966 Burundian coup d'état	
Q25043463	Coup	1968 Republic of the Congo coup d'état	
Q25340151	Coup	February Revolution	Febrerista Revolution
Q25428964	Coup	December 1917 coup d'état	
Q27628137	Coup	1980 Liberian coup d'état	
Q27628409	Coup	Qi coup d'état of 860 BC	
Q28220486	Coup	1920 Bolivian coup d'état	
Q28225511	Coup	1977 Bangladesh Air Force mutiny	
Q28454110	Coup	1964 Bolivian coup d'état	
Q29906620	Coup	1969 Libyan coup d'état	
Q30070166	Coup	1973 Afghan coup d'état	Golpe de Estado en Afganistán de 1973
Q30332929	Coup	Romanian coup d'état of December 30th, 1947	
Q30586190	Coup	1954 Paraguayan coup d'etat	
Q39046971	Coup	1986 Lesotho coup d'état	
Q39086822	Coup	15 August 1975 Bangladesh coup d'état	
Q43172549	Coup	2017 Zimbabwean coup d'état attempt	
Q48733313	Coup	7 November 1975 Bangladesh coup d'état	
Q48733969	Coup	3 November 1975 Bangladesh coup d'état	
Q48733987	Coup	1969 Somali coup d'état	
Q48815086	Coup	1970 Omani coup d'état	
Q60728640	Coup	1968 Peruvian coup d'état	
Q60750351	Coup	1984 Guinean coup d'état	
Q60750764	Coup	1980 Guinea-Bissau coup d'état	
Q60764387	Coup	1987 Burkinabé coup d'état	
Q60769179	Coup	1970 Lesotho coup d'état	
Q60820213	Coup	1991-92 Georgian coup d'état	Tbilisi War
Q61946226	Coup	2003 Guinea-Bissau coup d'état	
Q63096026	Coup	2019 Sudanese coup d'état	
Q63111212	Coup	1984 Mauritanian coup d'état	
Q65047871	Coup	1990 Chadian coup d'état	
Q65086996	Coup	October 1977 Thai coup d'état	
Q65122502	Coup	1985 Nigerian coup d'état	
Q65396627	Coup	1885 Nepal coup d'état	
Q66005195	Coup	1870 Costa Rican coup d'état	
Q66741952	Coup	1975 Nigerian coup d'état	
Q75720321	Coup	1936 Bolivian coup d'état	
Q85722045	Coup	1931 Salvadoran coup d'état	
Q85726877	Coup	1993 Nigerian coup d'état	
Q85727837	Coup	2000 Solomon Islands coup d'état	
Q96363593	Coup	1978 Mauritanian coup d'état	
Q97999926	Coup	Golpe de Pasto	
Q98457371	Coup	2020 Malian coup d'état	
Q99926939	Coup	1966 Argentina's coup d'état	
Q102046883	Coup	1962 Peruvian coup d'état	
Q102183362	Coup	Golpe de Estado en Azerbaiyán de 1992	
Q104830467	Coup	1969 Libyan coup d'état attempt	
Q105180889	Coup	2021 Myanmar coup d'état	coup d'état in Myanmar
Q107144649	Coup	1987 Transkei coup d'état	
Q108419092	Coup	2021 Guinean coup d'état	
Q109229068	Coup	October 2021 Sudanese coup d'état	
Q169598	Coup	Honnō-ji Incident	Battle of Honno-ji;Betrayal at Honnō-ji;Betrayal of Nobunaga;Betrayal of Oda Nobunaga;Honnōji Incidenct;Honnoji Incident;Nobunaga's seppuku;Suicide of Oda Nobunaga
Q189508	Coup	Glorious Revolution	
Q193245	Coup	Carnation Revolution	
Q248033	Coup	Coup of 18 Fructidor	
Q248743	Coup	Züriputsch	
Q255006	Coup	Magnate conspiracy	Zrinski-Frankopan Conspiracy
Q389853	Coup	1973 Uruguayan coup d'état	Golpe de Estado en Uruguay de 1973
Q449436	Coup	November 1963 Iraqi coup d'état	
Q451046	Coup	Preußenschlag	
Q468823	Coup	March on Rome	1922 Naples–Rome march;Fascist March on Rome;Great March on Rome;Mussolini's march on Rome
Q485728	Coup	Coup d'état of May SCoupeenth	
Q487810	Coup	May 16 coup	
Q575347	Coup	King Michael's Coup	
Q593774	Coup	1953 Iranian coup d'état	28 Mordad coup;Iranian coup d'etat
Q606081	Coup	1989 Sudanese coup d'état	
Q618048	Coup	1944 Bulgarian coup d'état	Bulgarian coup d'état of 1944
Q620965	Coup	coup of 18 Brumaire	18 Brumaire;Eighteenth Brumaire;November 1799 French coup d'état
Q621827	Coup	2012 Guinea-Bissau coup d'état	
Q623641	Coup	Coup d'état of December Twelfth	
Q624181	Coup	First Princes' Rebellion	
Q624222	Coup	Second Princes' Rebellion	
Q641205	Coup	1941 Iraqi coup d'état	
Q713163	Coup	Kyūjō Incident	
Q720498	Coup	13 Vendémiaire	
Q732219	Coup	28 May 1926 coup d'état	29 May Revolution;Golpe de 28 de Maio de 1926;Movimento do 28 de Maio;National Revolution;Revolução de 28 de Maio de 1926;Revolução Nacional
Q760023	Coup	Goudi coup	
Q781029	Coup	Saint-Sylvestre coup d'état	
Q856670	Coup	1973 Chilean coup	1973 Chilean coup d'état;Chilean coup 1973;Chilean coup d'état 1973
Q860423	Coup	2006 Thai coup d'état	
Q862099	Coup	1993 Russian constitutional crisis	
Q873152	Coup	July Putsch	
Q875912	Coup	2012 Malian coup d'état	
Q916340	Coup	Jameson Raid	
Q924625	Coup	2010 Nigerien coup d'état	
Q931943	Coup	1971 Turkish military memorandum	12 Mart Muhtırası;1971 Turkish coup d'état
Q960894	Coup	1923 Bulgarian coup d'état	Bulgarian coup d'état of 1923
Q967981	Coup	1980 Surinamese coup d'état	
Q976887	Coup	Operation PBFortune	Golpe de Estado en Guatemala de 1954;Operation PBSUCCESS
Q1037676	Coup	Black May	
Q1041813	Coup	Manchu Restoration	
Q1046407	Coup	Incident at Gaoping Tombs	
Q1048684	Coup	Matsue Incident	Imperial Voluntary Army incident;Matsue Riot incident;Shimane Prefectural Office incendiarism
Q1048750	Coup	1976 Argentine coup d'état	1976 Argentine military coup;Golpe de Estado en Argentina de 1976
Q1049741	Coup	Beijing Coup	
Q1062771	Coup	Isshi Incident	
Q1073488	Coup	2009 Honduran coup d'état	
Q1077776	Coup	National Defence revolt	National Defence coup
Q1078181	Coup	1963 South Vietnamese coup	
Q1131857	Coup	Iranian Coups of 1921	1921 Persian coup d'état
Q1137957	Coup	1948 Czechoslovak coup d'état	Czech coup
Q1140690	Coup	May 1958 crisis	Algiers putsch;the coup of 13 May
Q1192865	Coup	Xuanwu Gate Incident	
Q1315743	Coup	1851 French coup d'état	French coup d'état of 1851;French coup of 1851
Q1525846	Coup	2012 Tuareg rebellion	Tuareg rebellion (2012)
Q1574076	Coup	Newburgh Conspiracy	Newburgh affair
Q1634613	Coup	1988 Maldives coup d'état	
Q1643006	Coup	30 September Movement	
Q1716388	Coup	Athenian coup of 411 BC	
Q1758028	Coup	1980 Turkish coup d'état	12 Eylül Darbesi
Q1760435	Coup	Coup d'état in Estonia (1934)	
Q1780431	Coup	Egyptian revolution of 1952	1952 Egyptian coup d'état;July 23 revolution
Q1787448	Coup	Pride's Purge	
Q1841884	Coup	Farce of Ávila	Farce of Avila
Q1851730	Coup	May Coup	1926 coup d'état in Poland;Polish Coup of 1926
Q1859259	Coup	1960 Turkish coup d'état	27 Mayıs Darbesi
Q1887247	Coup	Malet coup of 1812	
Q1995577	Coup	Nojeh Coup	
Q2069434	Coup	1974 Cypriot coup d'état	
Q2118311	Coup	Yugoslav coup d'état	
Q2119300	Coup	1957 Thai coup d'état	
Q2119303	Coup	1933 Siamese coup d'état	Siamese coup d'état of 1933
Q2119306	Coup	Siamese coup d'état of 1947	
Q2120252	Coup	Siamese revolution of 1932	
Q2282672	Coup	2008 Guinean coup d'état	
Q2325335	Coup	Coup of Kaiserswerth	
Q2334896	Coup	1809 Swedish coup d'état	
Q2352036	Coup	1999 Pakistani coup d'état	
Q2403418	Coup	May Coup	1903 Serbian coup d'état;May Overthrow
Q2436825	Coup	Spanish coup of July 1936	Golpe de Estado de julio de 1936
Q2465567	Coup	2008 Mauritanian coup d'état	
Q2475925	Coup	1963 Syrian coup d'état	
Q2567468	Coup	2006 Fijian coup d'état	
Q2570156	Coup	1926 Lithuanian coup d'état	
Q2578241	Coup	Ramadan Revolution	
Q2584397	Coup	3 September 1843 Revolution	
Q2605231	Coup	Algiers putsch of 1961	
Q2633177	Coup	Japanese coup d'état in French Indochina	Operation Bright Moon
Q2634783	Coup	Brazilian Revolution of 1930	Revolução de 1930
Q2840803	Coup	Government Junta of Chile	
Q2883469	Coup	2004 Haitian coup d'état	
Q2988530	Coup	1958 Iraqi coup d'état	14 July Revolution
Q2994789	Coup	Harem conspiracy	
Q2998924	Coup	1987 Fijian coups d'état	
Q2998925	Coup	Coup d'état of Yanaon	
Q2998926	Coup	1915 Portuguese coup d'état	1915 Revolt;May 14 Revolt
Q2998928	Coup	Coup of 30 Prairial Year VII	Coup d'État du 30 prairial an VII;Revenge of the Councils
Q2998931	Coup	Leonardopoulos–Gargalidis coup d'état attempt	
Q2998933	Coup	1935 Greek coup d'état attempt	
Q2998936	Coup	11 September 1922 Revolution	
Q2999015	Coup	1965 Algerian coup d'état	
Q3182543	Coup	1934 Latvian coup d'état	
Q3305494	Coup	1964 Gabon coup d'état	
Q3495710	Coup	2005 Mauritanian coup d'état	
Q3556320	Coup	Ecclesiastical coup	
Q3560385	Coup	1966 Syrian coup d'état	
Q3653895	Coup	1971 Ugandan coup d'état	
Q3798246	Coup	1958 Venezuelan coup d'état	
Q3891598	Coup	Siege of the Montaña barracks	Siege of Cuartel de la Montaña;Spanish coup of July 1936 in Madrid
Q4114548	Coup	1996 Nigerien coup d'état	
Q4114551	Coup	1958 Pakistani coup d'état	
Q4114552	Coup	Operation Fair Play	
Q4120226	Coup	17 July Revolution	
Q4120789	Coup	2000 Ecuadorian coup d'état	
Q4121073	Coup	Chilean naval mutiny of 1931	
Q4146911	Coup	1968 Malian coup d'état	
Q4146914	Coup	2011–2012 Maldives political crisis	
Q4156075	Coup	1762 coup d'état	
Q4230506	Coup	Conditions	
Q4231746	Coup	Ottoman countercoup of 1909	
Q4271747	Coup	Chadian coup of 1975	
Q4350095	Coup	1962 Burmese coup d'état	
Q4402025	Coup	1930 Argentine coup	September Revolucion
Q4462585	Coup	Coup of June 1907	Stolypin's Coup
Q4559693	Coup	1913 Ottoman coup d'état	Raid on the Sublime Porte
Q4561707	Coup	1925 Chilean coup d'état	
Q4563801	Coup	1936 Iraqi coup d'état	
Q4565209	Coup	1943 Argentine coup d'état	
Q4565608	Coup	1945 Venezuelan coup d'état	
Q4565977	Coup	1947 Coup Group	
Q4566363	Coup	1948 Venezuelan coup d'état	
Q4571089	Coup	1963 Dahomeyan coup d'état	
Q4571109	Coup	1963 Honduran coup d'état	
Q4571240	Coup	1963 Togolese coup d'état	
Q4571496	Coup	1964 Brazilian coup d'état	
Q4573051	Coup	Håtuna games	
Q4574675	Coup	1971 Sudanese coup d'état	
Q4575699	Coup	1973 Rwandan coup d'état	
Q4576634	Coup	1975 Honduran coup d'état	
Q4580321	Coup	1982 Bangladesh coup d'état	
Q4583594	Coup	1987 Burundian coup d'état	
Q4586873	Coup	1991 Haitian coup d'état	
Q4588556	Coup	1993 Guatemalan constitutional crisis	
Q4589458	Coup	1994 Gambian coup d'état	
Q4591257	Coup	1996 Burundian coup d'état	
Q4594811	Coup	1999 Ivorian coup d'état	
Q4597438	Coup	2000 Fijian coup d'état	
Q4919446	Coup	1970 Cambodian coup d'état	Cambodian coup of 1970
Q4996248	Coup	1934 Bulgarian coup d'état	Bulgarian coup d'état of 1934
Q5147882	Coup	1953 Colombian coup d'état	
Q5177978	Coup	Coup of Cao Mao	
Q5177982	Coup	Coup of the Volunteers	
Q5248943	Coup	December 1964 South Vietnamese coup	
Q5358176	Coup	Kusuko Incident	
Q5370122	Coup	Emboscada	
Q5403603	Coup	Ethiopian coup d'état of 1928	
Q5447987	Coup	Figueroa mutiny	
Q5492732	Coup	Cuban coup d'etat of 1933	Cuban Revolution of 1933
Q5558506	Coup	715 Incident	715 counter-revolutionary coup;Wuhan–Communist split
Q5882508	Coup	Coup d'état of Pavía	
Q5882533	Coup	1968 Panamanian coup d'état	
Q6312034	Coup	June 1988 Haitian coup d'état	
Q6312181	Coup	June 4th revolution in Ghana	
Q6407105	Coup	Songsuradet Rebellion	
Q6585263	Coup	1951 Thai coup d'état	
Q6585266	Coup	1991 Thai military coup	
Q6706220	Coup	Luxembourg Coup of 1856	
Q7097104	Coup	Operation Guitar Boy	
Q7302105	Coup	Rebellion of Cao Qin	
Q7318713	Coup	Revolution of October 8, 1812	
Q7428332	Coup	1912 Ottoman coup d'état	
Q7452125	Coup	September 1988 Haitian coup d'état	
Q8012976	Coup	Chenqiao Coup	Coup at Ch'en-ch'iao
Q8022766	Coup	Wilmington Insurrection of 1898	Wilmington coup of 1898;Wilmington massacre of 1898
Q8676049	Coup	1987 Tunisian coup d'état	1987 Tunisian coup d'etat
Q8964623	Coup	1952 Cuban coup d'état	
Q9108134	Coup	Xinyou Coup	
Q10511142	Coup	Revolution of 1772	
Q10893041	Coup	June 16 Incident	
Q10931943	Coup	Overthrow of the Hawaiian Kingdom	
Q11145439	Coup	Jingyuan Mutiny	
Q12613430	Coup	Injo coup	
Q12873749	Coup	Greek coup of 13 December 1967	
Q13019382	Coup	1971 Thai coup d'état	
Q13019383	Coup	1958 Thai coup d'état	
Q13019386	Coup	1976 Thai coup d'état	
Q13019387	Coup	Siamese coup d'état of 1948	
Q13534264	Coup	1967 Greek coup d'état	
Q13605743	Coup	2013 Egyptian coup d'état	3 Jul. 2013 Coup
Q14466700	Coup	1990 Surinamese coup d'état	
Q15733401	Coup	Revolution of Dignity	2013–14 Ukrainian Revolution;Maidan Revolution
Q15911691	Coup	Xiantian incident	
Q15935579	Coup	Mawei incident	
Q15941289	Coup	Shenlong Revolution	
Q16205928	Coup	1966 Nigerian coup d'etat	
Q16266489	Coup	1999 Nigerien coup d'état	
Q16329599	Coup	Pyjamas coup	
Q16639048	Coup	1967 Togolese coup d'état	
Q16822144	Coup	1992 Sierra Leonean coup d'état	
Q16908992	Coup	Nigerian Counter-Coup of 1966	
Q16914766	Coup	2014 Thai coup d'état	
Q17462627	Coup	1827 Honduran coup d'état	
Q17684684	Coup	2014 Lesotho political crisis	
Q18145759	Coup	2014–15 Yemeni coup d'état	September 21 Revolution
Q18214240	Coup	Operation Caban	1979 Central African Republic coup d'état
Q18399370	Coup	1975 Argentine coup attemp	Operation Blue Condor
Q18604542	Coup	1982 Upper Voltan coup d'état	
Q18604615	Coup	1980 Upper Voltan coup d'état	
Q18609298	Coup	1966 Upper Voltan coup d'état	
Q19601700	Coup	1989 Paraguayan coup d'etat	
Q19688873	Coup	Tragic Week	
Q19869957	Coup	1929 Tuvan coup d'état	
Q19870163	Coup	1961 Syrian coup d'état	
Q19955933	Coup	1991 Malian coup d'état	
Q20015279	Coup	1951 Argentina coup attemp	Operation National Reorganization
Q20744392	Coup	1993 Azeri coup d'état	
Q20977821	Coup	2015 Burkinabé coup d'état	
Q20977839	Coup	1979 Equatorial Guinea coup d'état	
Q20982123	Coup	1981 Central African Republic coup d'état	
Q21002917	Coup	1917 Costa Rican coup d'état	
Q21515053	Coup	1969 Sudanese coup d'état	
Q23038154	Coup	1976 Burundian coup d'état	
Q23540878	Coup	1983 Nigerian coup d'état	
Q24067273	Coup	Attack on Amsterdam	
Q24192103	Coup	1962 Argentine coup d'état	
Q24960281	Coup	1955 Argentine coup d'état	
Q25043351	Coup	1991 Lesotho coup d'état	
Q25043404	Coup	November 1966 Burundian coup d'état	
Q25043458	Coup	July 1966 Burundian coup d'état	
Q25043463	Coup	1968 Republic of the Congo coup d'état	
Q25340151	Coup	February Revolution	Febrerista Revolution
Q25428964	Coup	December 1917 coup d'état	
Q27628137	Coup	1980 Liberian coup d'état	
Q27628409	Coup	Qi coup d'état of 860 BC	
Q28220486	Coup	1920 Bolivian coup d'état	
Q28225511	Coup	1977 Bangladesh Air Force mutiny	
Q28454110	Coup	1964 Bolivian coup d'état	
Q29906620	Coup	1969 Libyan coup d'état	
Q30070166	Coup	1973 Afghan coup d'état	Golpe de Estado en Afganistán de 1973
Q30332929	Coup	Romanian coup d'état of December 30th, 1947	
Q30586190	Coup	1954 Paraguayan coup d'etat	
Q39046971	Coup	1986 Lesotho coup d'état	
Q39086822	Coup	15 August 1975 Bangladesh coup d'état	
Q43172549	Coup	2017 Zimbabwean coup d'état attempt	
Q48733313	Coup	7 November 1975 Bangladesh coup d'état	
Q48733969	Coup	3 November 1975 Bangladesh coup d'état	
Q48733987	Coup	1969 Somali coup d'état	
Q48815086	Coup	1970 Omani coup d'état	
Q60728640	Coup	1968 Peruvian coup d'état	
Q60750351	Coup	1984 Guinean coup d'état	
Q60750764	Coup	1980 Guinea-Bissau coup d'état	
Q60764387	Coup	1987 Burkinabé coup d'état	
Q60769179	Coup	1970 Lesotho coup d'état	
Q60820213	Coup	1991-92 Georgian coup d'état	Tbilisi War
Q61946226	Coup	2003 Guinea-Bissau coup d'état	
Q63096026	Coup	2019 Sudanese coup d'état	
Q63111212	Coup	1984 Mauritanian coup d'état	
Q65047871	Coup	1990 Chadian coup d'état	
Q65086996	Coup	October 1977 Thai coup d'état	
Q65122502	Coup	1985 Nigerian coup d'état	
Q65396627	Coup	1885 Nepal coup d'état	
Q66005195	Coup	1870 Costa Rican coup d'état	
Q66741952	Coup	1975 Nigerian coup d'état	
Q75720321	Coup	1936 Bolivian coup d'état	
Q85722045	Coup	1931 Salvadoran coup d'état	
Q85726877	Coup	1993 Nigerian coup d'état	
Q85727837	Coup	2000 Solomon Islands coup d'état	
Q96363593	Coup	1978 Mauritanian coup d'état	
Q97999926	Coup	Golpe de Pasto	
Q98457371	Coup	2020 Malian coup d'état	
Q99926939	Coup	1966 Argentina's coup d'état	
Q102046883	Coup	1962 Peruvian coup d'état	
Q102183362	Coup	Golpe de Estado en Azerbaiyán de 1992	
Q104830467	Coup	1969 Libyan coup d'état attempt	
Q105180889	Coup	2021 Myanmar coup d'état	coup d'état in Myanmar
Q107144649	Coup	1987 Transkei coup d'état	
Q108419092	Coup	2021 Guinean coup d'état	
Q109229068	Coup	October 2021 Sudanese coup d'état	
Q3272511	Coup	Zhongshan Warship Incident	
Q15849478	Coup	Struve Putsch	
Q623792	Coup	October Yushin	October Restoration
Q2893606	Coup	1992 Peruvian constitutional Crisis	1992 auto-coup
Q60769179	Coup	1970 Lesotho coup d'état	
Q3179803	Coup	Impeachment of Fernando Lugo	
Q2294549	Coup	Proclamation of the Republic	
Q4450183	Coup	Tacnazo	El Tacnazo
Q4571496	Coup	1964 Brazilian coup d'état	
Q108543207	Coup	1937 Brazilian coup d'état	
Q8807	Coup	2002 Venezuelan coup d'état attempt	2002 Venezuelan coup attempt
Q8871	Coup	2004 putative Venezuelan coup d'état attempt	Daktari Ranch affair
Q36749	Coup	Beer Hall Putsch	Munich Putsch
Q105570	Coup	20 July plot	
Q126306	Coup	Decembrist revolt	
Q161141	Coup	Kapp Putsch	
Q215337	Coup	23-F	1981 Spanish coup d'etat;Tejerazo
Q221382	Coup	1991 Soviet coup d'état attempt	August coup;August putsch;coup against Gorbachev;Soviet Union--History--Attempted coup;1991;USSR's August Putsch
Q244926	Coup	May 15 Incident	
Q477958	Coup	February 26 Incident	
Q488282	Coup	Gapsin Coup	Gapsin Revolution
Q516749	Coup	March Incident	
Q523882	Coup	Norte Grande insurrection	
Q742728	Coup	1972 Moroccan coup attempt	Skhirat Coup d'état
Q757980	Coup	2008 East Timorese assassination attempts	
Q884351	Coup	Stennes Revolt	
Q891808	Coup	Bombing of Plaza de Mayo	
Q940043	Coup	Sublevación de Villarejo de Salvanés	
Q1099135	Coup	Golpe Borghese	
Q1136770	Coup	1971 Moroccan coup attempt	
Q1185360	Coup	1982 Spanish coup d'état attempt	Conspiración golpista para el 27 de octubre de 1982
Q1494320	Coup	Küstrin Putsch	
Q1532978	Coup	Oster Conspiracy	
Q1935163	Coup	1960 South Vietnamese coup attempt	
Q2084413	Coup	Pfrimer Putsch	
Q2119318	Coup	Bulgarian coup d'état of 1886	
Q2279763	Coup	Tanquetazo	
Q2369584	Coup	Kornilov affair	Kornilov putsch
Q1935121	Coup	Turkish coup d'état	
Q3449092	Coup	Putsch	
Q4460509	Coup	self-coup	auto-coup;autocoup;power grab
Q10290435	Coup	soft coup	silent coup
Q10290447	Coup	military coup	
Q25906438	Coup	attempted coup d'état	coup attempt;coup d'état attempt;attempted coup;attempted overthrow;attempted putsch
Q28135498	Coup	2016 Libyan coup d'état attempt	
Q28225507	Coup	1996 Bangladesh coup d'état attempt	1996 Bangladesh coup d'etat attempt
Q28441384	Coup	1977 Benin coup d'état attempt	
Q28669298	Coup	2016 Montenegrin coup allegations	
Q29378733	Coup	1981 Seychelles coup d'état attempt	
Q30904810	Coup	battle of Monsanto	
Q39054878	Coup	Faliero coup	
Q48815391	Coup	1990 Afghan coup attempt	
Q60474140	Coup	2019 Gabonese coup d'etat	
Q60768455	Coup	1995 São Tomé and Príncipe coup d'état	
Q60788470	Coup	1981 Gambian coup d'état attempt	
Q60792490	Coup	1977 Angolan coup d'état attempt	
Q61974741	Coup	1990 Zambian coup d'état attempt	
Q63125602	Coup	1986 Togolese coup d'état attempt	
Q64786493	Coup	1989 Ethiopian coup d'état attempt	
Q64787084	Coup	Amhara Region coup d'état attempt	2019 Amhara Region coup d'état attempt;2019 Ethiopian coup d'état attempt
Q65049211	Coup	1993 Burundian coup d'état attempt	
Q65050407	Coup	1982 Central African Republic coup d'état attempt	
Q70585589	Coup	Sayuksin assassination plot	1456 coup d'état;1456 King Sejo assassination plot;Alleged King Sejo assassination plot;Alleged Sayuksin assassination plot;King Sejo assassination plot;Six Martyred Ministers assassination plot
Q73101291	Coup	First Venezuelan coup d'etat attempt of 1992	First Venezuelan coup d'etat attempt
Q81364127	Coup	1990 Sudanese coup d'état attempt	
Q85724676	Coup	1976 Nigerian coup d'état attempt	
Q85726324	Coup	1990 Nigerian coup d'état attempt	
Q85728158	Coup	2003 Mauritanian coup d'état attempt	
Q85729922	Coup	2015 alleged Sri Lankan coup d'état attempt	
Q96363613	Coup	1978 Somali coup d'état attempt	
Q96363715	Coup	1981 Mauritanian coup d'état attempt	
Q98997574	Coup	2008 Turkish coup d'état attempt	
Q99632837	Coup	1989 Haitian coup d'état attempt	
Q104705419	Coup	2021 storming of the United States Capitol	2021 United States Capitol protests;Capitol Building storming;Capitol siege;Insurrection of the US Capitol;January 2021 Donald Trump rally;January 2021 insurrection;January 2021 United States Capitol protests;storming of the Capitol Building by Donald Trump's supporters;2021 U.S. Capitol riot
Q105672621	Coup	2021 Armenian political crisis	
Q105752813	Coup	2004 Sudanese coup d'état attempt	
Q106301684	Coup	2021 Nigerien coup d'état attempt	
Q106305106	Coup	2021 Niger coup d'état attempt	
Q108622320	Coup	2021 Sudanese coup d'état attempt	
Q2388319	Coup	Legionnaires' rebellion and Bucharest pogrom	
Q2441292	Coup	Mäntsälä rebellion	Mäntsälän kapina
Q2602809	Coup	1924 Estonian coup d'état attempt	
Q2627940	Coup	1962 South Vietnamese Independence Palace bombing	
Q2746741	Coup	Sanjuanada	1926 Spanish  coup d'état
Q2915943	Coup	October Incident	Imperial Colors incident
Q2998927	Coup	2011 Democratic Republic of the Congo coup d'état attempt	
Q3109574	Coup	Sanjurjada	
Q3149891	Coup	Military Academy incident	November incident
Q3518181	Coup	2006 Malagasy coup d'état attempt	
Q4183484	Coup	Rawalpindi conspiracy	
Q4372929	Coup	1995 Pakistani coup d'état attempt	
Q4372932	Coup	2004 Equatorial Guinea coup d'état attempt	
Q4382589	Coup	Charles IV of Habsburg's attempts to retake the throne of Hungary	Charles IV of Hungary's attempts to retake the throne
Q4560678	Coup	1919 Polish coup attempt	
Q4560679	Coup	1919 Polish coup d'état attempt in Lithuania	
Q4560833	Coup	1920 Georgian coup attempt	
Q4569951	Coup	1960 Ethiopian coup attempt	
Q4570700	Coup	1962 Ceylonese coup d'état attempt	
Q4579740	Coup	1981 Bahraini coup d'état attempt	
Q4580496	Coup	1982 Kenyan coup d'état attempt	
Q4581613	Coup	1984 Cameroonian coup attempt	
Q4585384	Coup	1989 Philippine coup attempt	
Q4602621	Coup	2004 Chadian coup d'état attempt	
Q4605943	Coup	2006 Chadian coup d'état attempt	
Q4608771	Coup	2007 Laotian coup d'état conspiracy allegation	
Q4609689	Coup	2007 Zimbabwean coup d'état attempt	
Q4617790	Coup	2010 Madagascar coup d'état attempt	
Q4790792	Coup	Ariostazo	
Q4794146	Coup	Army General Staff Plot	
Q4921497	Coup	Black Power Revolution	February Revolution;1970 Revolution;Black Power Uprising
Q4951385	Coup	Boworadet Rebellion	
Q4975141	Coup	Brooks-Baxter War	Brooks and Baxter War;Brooks-Baxter Affair;Brooks-Baxter Contest;Brooks-Baxter troubles;Brooks-Baxter war
Q5321521	Coup	E-memorandum	
Q5672844	Coup	1936 Catalan coup d'état attempt	
Q5882515	Coup	Second Venezuelan coup d'etat attempt of 1992	Second Venezuelan coup d'etat attempt
Q5935437	Coup	Hukou Incident	
Q6127215	Coup	Jamaat al Muslimeen coup attempt	Jamaat al Muslimeen insurrection;Jamaat al Muslimeen uprising
Q6407100	Coup	Manhattan Rebellion	
Q6407111	Coup	Palace Revolt of 1912	
Q6477515	Coup	Palace Rebellion	
Q7097287	Coup	Operation Midnight Jackal	
Q7424919	Coup	Sarıkız, Ayışığı, Yakamoz and Eldiven	
Q7452110	Coup	September 1964 South Vietnamese coup attempt	
Q7673953	Coup	Tacnazo insurrection	
Q10550509	Coup	Coup of 1756	
Q10854408	Coup	August Faction Incident	
Q10855109	Coup	Kapsan Faction Incident	
Q11355226	Coup	Mishima incident	
Q13012458	Coup	1985 Thai coup attempt	
Q15070113	Coup	2013 Libyan coup d'état attempt	
Q15140004	Coup	1993 alleged Turkish military coup	
Q15141763	Coup	Operation Cage Action Plan	
Q15916329	Coup	1965 Bulgarian Coup d'état attempt	
Q16057019	Coup	1966 alleged Ceylonese coup d'état attempt	
Q16156196	Coup	1995 Azeri coup d'état attempt	
Q16329706	Coup	1933 Greek coup d'état attempt	
Q16329714	Coup	1938 Greek coup d'état attempt	
Q16674509	Coup	1963 Argentine Navy Revolt	Azules y Colorados
Q16950966	Coup	May Uprising	
Q17006910	Coup	July 1958 Haitian coup d'état attempt	
Q17513459	Coup	2014 Enugu Government House attack	
Q17750099	Coup	1965 Burundian coup d'état	
Q18600449	Coup	1989 Burkinabé coup d'état attempt	
Q18600508	Coup	1983 Upper Voltan coup d'état attempt	
Q19905149	Coup	2015 Burundian coup d'état attempt	
Q20312530	Coup	2014 Gambian coup d'état attempt	
Q20982124	Coup	2001 Central African Republic coup d'état attempt	
Q22082353	Coup	2003 Burkinabe coup d'état attempt	
Q22687479	Coup	Arif Abd ar-Razzaq second coup	
Q22948603	Coup	1977 Sudan Juba attempted coup d'état	
Q23019503	Coup	2001 Burundian coup d'état attempt	
Q23038132	Coup	1976 Afghanistan attempted coup	
Q24944622	Coup	1987 Carapintada mutiny	
Q25041522	Coup	1969 Saudi Arabian coup d'état plot	
Q25043471	Coup	1966 Republic of the Congo coup d'état attempt	
Q25043479	Coup	1972 Republic of the Congo coup d'état attempt	
Q25043485	Coup	1987 Republic of the Congo coup d'état attempt	
Q25043593	Coup	1997 Zambian coup d'état attempt	
Q25450330	Coup	1996 Qatari coup d'état attempt	
Q25451418	Coup	1935 Estonian coup d'état plan	
Q25496606	Coup	1934 Lithuanian coup d'état attempt	
Q25906338	Coup	2016 Turkish coup d'état attempt	2016 military uprising in Turkey;2016 Turkish attempted coup;2016 Turkish attempted coup d'état
Q27860366	Coup	2003 São Tomé and Príncipe coup d'état	
Q28059571	Coup	1989 Panamanian coup d'état attempt	
